date,yearmonth,qyear,quarter,fuel_value
11/27/09,2009-11,2009,4,75.95
11/30/09,2009-11,2009,4,77.19
12/1/09,2009-12,2009,4,78.39
12/2/09,2009-12,2009,4,76.62
12/3/09,2009-12,2009,4,76.42
12/4/09,2009-12,2009,4,75.41
12/7/09,2009-12,2009,4,73.89
12/8/09,2009-12,2009,4,72.59
12/9/09,2009-12,2009,4,70.67
12/10/09,2009-12,2009,4,70.54
12/11/09,2009-12,2009,4,69.86
12/14/09,2009-12,2009,4,69.48
12/15/09,2009-12,2009,4,70.62
12/16/09,2009-12,2009,4,72.64
12/17/09,2009-12,2009,4,72.58
12/18/09,2009-12,2009,4,73.3
12/21/09,2009-12,2009,4,72.71
12/22/09,2009-12,2009,4,73.48
12/23/09,2009-12,2009,4,76.03
12/24/09,2009-12,2009,4,76.83
12/28/09,2009-12,2009,4,78.67
12/29/09,2009-12,2009,4,78.87
12/30/09,2009-12,2009,4,79.35
12/31/09,2009-12,2009,4,79.39
1/4/10,2010-1,2010,1,81.52
1/5/10,2010-1,2010,1,81.74
1/6/10,2010-1,2010,1,83.12
1/7/10,2010-1,2010,1,82.6
1/8/10,2010-1,2010,1,82.74
1/11/10,2010-1,2010,1,82.54
1/12/10,2010-1,2010,1,80.79
1/13/10,2010-1,2010,1,79.66
1/14/10,2010-1,2010,1,79.35
1/15/10,2010-1,2010,1,77.96
1/19/10,2010-1,2010,1,78.98
1/20/10,2010-1,2010,1,77.42
1/21/10,2010-1,2010,1,75.84
1/22/10,2010-1,2010,1,74.25
1/25/10,2010-1,2010,1,74.9
1/26/10,2010-1,2010,1,74.67
1/27/10,2010-1,2010,1,73.64
1/28/10,2010-1,2010,1,73.62
1/29/10,2010-1,2010,1,72.85
2/1/10,2010-2,2010,1,74.41
2/2/10,2010-2,2010,1,77.21
2/3/10,2010-2,2010,1,76.96
2/4/10,2010-2,2010,1,73.13
2/5/10,2010-2,2010,1,71.15
2/8/10,2010-2,2010,1,71.87
2/9/10,2010-2,2010,1,73.71
2/10/10,2010-2,2010,1,74.48
2/11/10,2010-2,2010,1,75.23
2/12/10,2010-2,2010,1,74.11
2/16/10,2010-2,2010,1,76.98
2/17/10,2010-2,2010,1,77.27
2/18/10,2010-2,2010,1,78.97
2/19/10,2010-2,2010,1,79.77
2/22/10,2010-2,2010,1,80.04
2/23/10,2010-2,2010,1,78.61
2/24/10,2010-2,2010,1,79.75
2/25/10,2010-2,2010,1,77.99
2/26/10,2010-2,2010,1,79.72
3/1/10,2010-3,2010,1,78.71
3/2/10,2010-3,2010,1,79.62
3/3/10,2010-3,2010,1,80.91
3/4/10,2010-3,2010,1,80.21
3/5/10,2010-3,2010,1,81.5
3/8/10,2010-3,2010,1,81.85
3/9/10,2010-3,2010,1,81.5
3/10/10,2010-3,2010,1,82.07
3/11/10,2010-3,2010,1,82.1
3/12/10,2010-3,2010,1,81.26
3/15/10,2010-3,2010,1,79.79
3/16/10,2010-3,2010,1,81.75
3/17/10,2010-3,2010,1,82.93
3/18/10,2010-3,2010,1,82.16
3/19/10,2010-3,2010,1,80.58
3/22/10,2010-3,2010,1,81.26
3/23/10,2010-3,2010,1,81.68
3/24/10,2010-3,2010,1,80.29
3/25/10,2010-3,2010,1,80.25
3/26/10,2010-3,2010,1,79.75
3/29/10,2010-3,2010,1,81.92
3/30/10,2010-3,2010,1,82.14
3/31/10,2010-3,2010,1,83.45
4/1/10,2010-4,2010,2,84.53
4/5/10,2010-4,2010,2,86.36
4/6/10,2010-4,2010,2,86.54
4/7/10,2010-4,2010,2,85.64
4/8/10,2010-4,2010,2,85.17
4/9/10,2010-4,2010,2,84.6
4/12/10,2010-4,2010,2,84.07
4/13/10,2010-4,2010,2,83.8
4/14/10,2010-4,2010,2,85.62
4/15/10,2010-4,2010,2,85.25
4/16/10,2010-4,2010,2,82.97
4/19/10,2010-4,2010,2,81.52
4/20/10,2010-4,2010,2,82.98
4/21/10,2010-4,2010,2,82.78
4/22/10,2010-4,2010,2,82.89
4/23/10,2010-4,2010,2,84.34
4/26/10,2010-4,2010,2,84.2
4/27/10,2010-4,2010,2,82.43
4/28/10,2010-4,2010,2,83.22
4/29/10,2010-4,2010,2,85.17
4/30/10,2010-4,2010,2,86.07
5/3/10,2010-5,2010,2,86.19
5/4/10,2010-5,2010,2,82.73
5/5/10,2010-5,2010,2,80
5/6/10,2010-5,2010,2,77.18
5/7/10,2010-5,2010,2,75.1
5/10/10,2010-5,2010,2,76.89
5/11/10,2010-5,2010,2,76.37
5/12/10,2010-5,2010,2,75.65
5/13/10,2010-5,2010,2,74.38
5/14/10,2010-5,2010,2,71.61
5/17/10,2010-5,2010,2,70.08
5/18/10,2010-5,2010,2,69.38
5/19/10,2010-5,2010,2,69.91
5/20/10,2010-5,2010,2,68.28
5/21/10,2010-5,2010,2,68.03
5/24/10,2010-5,2010,2,68.23
5/25/10,2010-5,2010,2,64.78
5/26/10,2010-5,2010,2,71.52
5/27/10,2010-5,2010,2,74.56
5/28/10,2010-5,2010,2,74
6/1/10,2010-6,2010,2,72.7
6/2/10,2010-6,2010,2,72.88
6/3/10,2010-6,2010,2,74.62
6/4/10,2010-6,2010,2,71.43
6/7/10,2010-6,2010,2,71.55
6/8/10,2010-6,2010,2,71.88
6/9/10,2010-6,2010,2,74.38
6/10/10,2010-6,2010,2,75.48
6/11/10,2010-6,2010,2,73.89
6/14/10,2010-6,2010,2,74.99
6/15/10,2010-6,2010,2,76.84
6/16/10,2010-6,2010,2,77.67
6/17/10,2010-6,2010,2,76.82
6/18/10,2010-6,2010,2,77.18
6/21/10,2010-6,2010,2,77.84
6/22/10,2010-6,2010,2,77.15
6/23/10,2010-6,2010,2,75.9
6/24/10,2010-6,2010,2,75.96
6/25/10,2010-6,2010,2,78.45
6/28/10,2010-6,2010,2,78.26
6/29/10,2010-6,2010,2,75.93
6/30/10,2010-6,2010,2,75.59
7/1/10,2010-7,2010,3,72.95
7/2/10,2010-7,2010,3,72.06
7/6/10,2010-7,2010,3,71.96
7/7/10,2010-7,2010,3,74.05
7/8/10,2010-7,2010,3,75.46
7/9/10,2010-7,2010,3,76.08
7/12/10,2010-7,2010,3,74.93
7/13/10,2010-7,2010,3,77.16
7/14/10,2010-7,2010,3,77.02
7/15/10,2010-7,2010,3,76.67
7/16/10,2010-7,2010,3,75.96
7/19/10,2010-7,2010,3,76.53
7/20/10,2010-7,2010,3,77.32
7/21/10,2010-7,2010,3,76.27
7/22/10,2010-7,2010,3,79.01
7/23/10,2010-7,2010,3,78.68
7/26/10,2010-7,2010,3,78.93
7/27/10,2010-7,2010,3,77.46
7/28/10,2010-7,2010,3,77.06
7/29/10,2010-7,2010,3,78.3
7/30/10,2010-7,2010,3,78.85
8/2/10,2010-8,2010,3,81.25
8/3/10,2010-8,2010,3,82.52
8/4/10,2010-8,2010,3,82.49
8/5/10,2010-8,2010,3,82
8/6/10,2010-8,2010,3,80.67
8/9/10,2010-8,2010,3,81.46
8/10/10,2010-8,2010,3,80.24
8/11/10,2010-8,2010,3,78.09
8/12/10,2010-8,2010,3,75.68
8/13/10,2010-8,2010,3,75.39
8/16/10,2010-8,2010,3,75.17
8/17/10,2010-8,2010,3,75.76
8/18/10,2010-8,2010,3,75.39
8/19/10,2010-8,2010,3,74.45
8/20/10,2010-8,2010,3,73.45
8/23/10,2010-8,2010,3,72.71
8/24/10,2010-8,2010,3,71.24
8/25/10,2010-8,2010,3,72.07
8/26/10,2010-8,2010,3,73.36
8/27/10,2010-8,2010,3,75.17
8/30/10,2010-8,2010,3,74.69
8/31/10,2010-8,2010,3,71.93
9/1/10,2010-9,2010,3,73.97
9/2/10,2010-9,2010,3,74.99
9/3/10,2010-9,2010,3,74.52
9/7/10,2010-9,2010,3,73.98
9/8/10,2010-9,2010,3,74.65
9/9/10,2010-9,2010,3,74.25
9/10/10,2010-9,2010,3,76.4
9/13/10,2010-9,2010,3,77.17
9/14/10,2010-9,2010,3,76.78
9/15/10,2010-9,2010,3,75.92
9/16/10,2010-9,2010,3,74.58
9/17/10,2010-9,2010,3,73.63
9/20/10,2010-9,2010,3,74.81
9/21/10,2010-9,2010,3,72.96
9/22/10,2010-9,2010,3,72.98
9/23/10,2010-9,2010,3,73.4
9/24/10,2010-9,2010,3,74.63
9/27/10,2010-9,2010,3,76.51
9/28/10,2010-9,2010,3,76.15
9/29/10,2010-9,2010,3,77.85
9/30/10,2010-9,2010,3,79.95
10/1/10,2010-10,2010,4,81.57
10/4/10,2010-10,2010,4,81.43
10/5/10,2010-10,2010,4,82.83
10/6/10,2010-10,2010,4,83.21
10/7/10,2010-10,2010,4,81.34
10/8/10,2010-10,2010,4,82.66
10/11/10,2010-10,2010,4,82.18
10/12/10,2010-10,2010,4,81.67
10/13/10,2010-10,2010,4,83.03
10/14/10,2010-10,2010,4,82.71
10/15/10,2010-10,2010,4,81.23
10/18/10,2010-10,2010,4,83.06
10/19/10,2010-10,2010,4,79.57
10/20/10,2010-10,2010,4,81.93
10/21/10,2010-10,2010,4,80.03
10/22/10,2010-10,2010,4,81.15
10/25/10,2010-10,2010,4,82
10/26/10,2010-10,2010,4,82.6
10/27/10,2010-10,2010,4,81.9
10/28/10,2010-10,2010,4,82.2
10/29/10,2010-10,2010,4,81.45
11/1/10,2010-11,2010,4,82.94
11/2/10,2010-11,2010,4,83.91
11/3/10,2010-11,2010,4,84.45
11/4/10,2010-11,2010,4,86.49
11/5/10,2010-11,2010,4,86.85
11/8/10,2010-11,2010,4,87.07
11/9/10,2010-11,2010,4,87.04
11/10/10,2010-11,2010,4,87.77
11/11/10,2010-11,2010,4,87.77
11/12/10,2010-11,2010,4,84.89
11/15/10,2010-11,2010,4,84.88
11/16/10,2010-11,2010,4,82.33
11/17/10,2010-11,2010,4,80.43
11/18/10,2010-11,2010,4,81.88
11/19/10,2010-11,2010,4,81.65
11/22/10,2010-11,2010,4,81.24
11/23/10,2010-11,2010,4,80.79
11/24/10,2010-11,2010,4,83.21
11/26/10,2010-11,2010,4,83.87
11/29/10,2010-11,2010,4,85.73
11/30/10,2010-11,2010,4,84.12
12/1/10,2010-12,2010,4,86.75
12/2/10,2010-12,2010,4,87.98
12/3/10,2010-12,2010,4,89.18
12/6/10,2010-12,2010,4,89.33
12/7/10,2010-12,2010,4,88.69
12/8/10,2010-12,2010,4,88.3
12/9/10,2010-12,2010,4,88.35
12/10/10,2010-12,2010,4,87.81
12/13/10,2010-12,2010,4,88.62
12/14/10,2010-12,2010,4,88.33
12/15/10,2010-12,2010,4,88.66
12/16/10,2010-12,2010,4,87.71
12/17/10,2010-12,2010,4,88.02
12/20/10,2010-12,2010,4,88.68
12/21/10,2010-12,2010,4,89.3
12/22/10,2010-12,2010,4,89.83
12/23/10,2010-12,2010,4,90.84
12/27/10,2010-12,2010,4,90.99
12/28/10,2010-12,2010,4,91.48
12/29/10,2010-12,2010,4,91.13
12/30/10,2010-12,2010,4,89.85
12/31/10,2010-12,2010,4,91.38
1/3/11,2011-1,2011,1,91.59
1/4/11,2011-1,2011,1,89.39
1/5/11,2011-1,2011,1,90.3
1/6/11,2011-1,2011,1,88.37
1/7/11,2011-1,2011,1,88.07
1/10/11,2011-1,2011,1,89.24
1/11/11,2011-1,2011,1,91.11
1/12/11,2011-1,2011,1,91.85
1/13/11,2011-1,2011,1,91.39
1/14/11,2011-1,2011,1,91.53
1/18/11,2011-1,2011,1,91.38
1/19/11,2011-1,2011,1,90.85
1/20/11,2011-1,2011,1,88.56
1/21/11,2011-1,2011,1,88.22
1/24/11,2011-1,2011,1,86.74
1/25/11,2011-1,2011,1,85.08
1/26/11,2011-1,2011,1,86.15
1/27/11,2011-1,2011,1,84.45
1/28/11,2011-1,2011,1,88.15
1/31/11,2011-1,2011,1,90.99
2/1/11,2011-2,2011,1,89.54
2/2/11,2011-2,2011,1,89.78
2/3/11,2011-2,2011,1,89.42
2/4/11,2011-2,2011,1,87.87
2/7/11,2011-2,2011,1,86.3
2/8/11,2011-2,2011,1,85.85
2/9/11,2011-2,2011,1,85.59
2/10/11,2011-2,2011,1,85.44
2/11/11,2011-2,2011,1,84.39
2/14/11,2011-2,2011,1,83.66
2/15/11,2011-2,2011,1,83.13
2/16/11,2011-2,2011,1,83.8
2/17/11,2011-2,2011,1,85.05
2/18/11,2011-2,2011,1,85.03
2/22/11,2011-2,2011,1,92.65
2/23/11,2011-2,2011,1,96.04
2/24/11,2011-2,2011,1,95.83
2/25/11,2011-2,2011,1,96.52
2/28/11,2011-2,2011,1,97.1
3/1/11,2011-3,2011,1,99.63
3/2/11,2011-3,2011,1,102.27
3/3/11,2011-3,2011,1,101.92
3/4/11,2011-3,2011,1,104.34
3/7/11,2011-3,2011,1,105.37
3/8/11,2011-3,2011,1,105.06
3/9/11,2011-3,2011,1,104.39
3/10/11,2011-3,2011,1,102.73
3/11/11,2011-3,2011,1,101.14
3/14/11,2011-3,2011,1,101.2
3/15/11,2011-3,2011,1,97.23
3/16/11,2011-3,2011,1,97.99
3/17/11,2011-3,2011,1,101.47
3/18/11,2011-3,2011,1,101.06
3/21/11,2011-3,2011,1,102.36
3/22/11,2011-3,2011,1,104.53
3/23/11,2011-3,2011,1,105.21
3/24/11,2011-3,2011,1,105.04
3/25/11,2011-3,2011,1,104.89
3/28/11,2011-3,2011,1,103.54
3/29/11,2011-3,2011,1,104.34
3/30/11,2011-3,2011,1,103.8
3/31/11,2011-3,2011,1,106.19
4/1/11,2011-4,2011,2,107.55
4/4/11,2011-4,2011,2,108.14
4/5/11,2011-4,2011,2,107.82
4/6/11,2011-4,2011,2,108.38
4/7/11,2011-4,2011,2,109.82
4/8/11,2011-4,2011,2,112.27
4/11/11,2011-4,2011,2,109.5
4/12/11,2011-4,2011,2,105.75
4/13/11,2011-4,2011,2,106.6
4/14/11,2011-4,2011,2,107.73
4/15/11,2011-4,2011,2,109.17
4/18/11,2011-4,2011,2,106.7
4/19/11,2011-4,2011,2,107.18
4/20/11,2011-4,2011,2,110.84
4/21/11,2011-4,2011,2,111.72
4/25/11,2011-4,2011,2,111.68
4/26/11,2011-4,2011,2,111.72
4/27/11,2011-4,2011,2,112.31
4/28/11,2011-4,2011,2,112.38
4/29/11,2011-4,2011,2,113.39
5/2/11,2011-5,2011,2,113.03
5/3/11,2011-5,2011,2,110.6
5/4/11,2011-5,2011,2,108.79
5/5/11,2011-5,2011,2,99.89
5/6/11,2011-5,2011,2,96.87
5/9/11,2011-5,2011,2,100.32
5/10/11,2011-5,2011,2,103.39
5/11/11,2011-5,2011,2,97.88
5/12/11,2011-5,2011,2,98.53
5/13/11,2011-5,2011,2,99.21
5/16/11,2011-5,2011,2,96.91
5/17/11,2011-5,2011,2,96.4
5/18/11,2011-5,2011,2,99.52
5/19/11,2011-5,2011,2,97.99
5/20/11,2011-5,2011,2,99.15
5/23/11,2011-5,2011,2,97.06
5/24/11,2011-5,2011,2,99.13
5/25/11,2011-5,2011,2,100.78
5/26/11,2011-5,2011,2,100.18
5/27/11,2011-5,2011,2,100.58
5/31/11,2011-5,2011,2,102.7
6/1/11,2011-6,2011,2,100.3
6/2/11,2011-6,2011,2,100.41
6/3/11,2011-6,2011,2,100.28
6/6/11,2011-6,2011,2,99.07
6/7/11,2011-6,2011,2,99.18
6/8/11,2011-6,2011,2,100.77
6/9/11,2011-6,2011,2,101.95
6/10/11,2011-6,2011,2,99.3
6/13/11,2011-6,2011,2,97.2
6/14/11,2011-6,2011,2,99.37
6/15/11,2011-6,2011,2,94.83
6/16/11,2011-6,2011,2,94.95
6/17/11,2011-6,2011,2,93.02
6/20/11,2011-6,2011,2,93.23
6/21/11,2011-6,2011,2,93.7
6/22/11,2011-6,2011,2,94.96
6/23/11,2011-6,2011,2,90.7
6/24/11,2011-6,2011,2,90.89
6/27/11,2011-6,2011,2,90.65
6/28/11,2011-6,2011,2,92.9
6/29/11,2011-6,2011,2,94.85
6/30/11,2011-6,2011,2,95.3
7/1/11,2011-7,2011,3,94.81
7/5/11,2011-7,2011,3,96.92
7/6/11,2011-7,2011,3,96.67
7/7/11,2011-7,2011,3,98.7
7/8/11,2011-7,2011,3,96.2
7/11/11,2011-7,2011,3,95.16
7/12/11,2011-7,2011,3,97.41
7/13/11,2011-7,2011,3,98.04
7/14/11,2011-7,2011,3,95.75
7/15/11,2011-7,2011,3,97.24
7/18/11,2011-7,2011,3,95.94
7/19/11,2011-7,2011,3,97.49
7/20/11,2011-7,2011,3,98.11
7/21/11,2011-7,2011,3,98.96
7/22/11,2011-7,2011,3,99.53
7/25/11,2011-7,2011,3,98.97
7/26/11,2011-7,2011,3,99.61
7/27/11,2011-7,2011,3,97.4
7/28/11,2011-7,2011,3,97.48
7/29/11,2011-7,2011,3,95.68
8/1/11,2011-8,2011,3,94.98
8/2/11,2011-8,2011,3,93.78
8/3/11,2011-8,2011,3,91.87
8/4/11,2011-8,2011,3,86.75
8/5/11,2011-8,2011,3,86.89
8/8/11,2011-8,2011,3,81.27
8/9/11,2011-8,2011,3,79.32
8/10/11,2011-8,2011,3,83.05
8/11/11,2011-8,2011,3,85.48
8/12/11,2011-8,2011,3,85.19
8/15/11,2011-8,2011,3,87.88
8/16/11,2011-8,2011,3,86.65
8/17/11,2011-8,2011,3,87.58
8/18/11,2011-8,2011,3,82.38
8/19/11,2011-8,2011,3,82.33
8/22/11,2011-8,2011,3,84.42
8/23/11,2011-8,2011,3,85.35
8/24/11,2011-8,2011,3,84.99
8/25/11,2011-8,2011,3,85.15
8/26/11,2011-8,2011,3,85.37
8/29/11,2011-8,2011,3,87.27
8/30/11,2011-8,2011,3,88.9
8/31/11,2011-8,2011,3,88.81
9/1/11,2011-9,2011,3,88.93
9/2/11,2011-9,2011,3,86.45
9/6/11,2011-9,2011,3,85.99
9/7/11,2011-9,2011,3,89.34
9/8/11,2011-9,2011,3,89.05
9/9/11,2011-9,2011,3,87.24
9/12/11,2011-9,2011,3,88.19
9/13/11,2011-9,2011,3,90.21
9/14/11,2011-9,2011,3,88.91
9/15/11,2011-9,2011,3,89.4
9/16/11,2011-9,2011,3,87.96
9/19/11,2011-9,2011,3,85.7
9/20/11,2011-9,2011,3,86.92
9/21/11,2011-9,2011,3,85.77
9/22/11,2011-9,2011,3,80.29
9/23/11,2011-9,2011,3,79.58
9/26/11,2011-9,2011,3,79.97
9/27/11,2011-9,2011,3,84.18
9/28/11,2011-9,2011,3,80.94
9/29/11,2011-9,2011,3,81.87
9/30/11,2011-9,2011,3,78.93
10/3/11,2011-10,2011,4,77.34
10/4/11,2011-10,2011,4,75.4
10/5/11,2011-10,2011,4,79.41
10/6/11,2011-10,2011,4,82.32
10/7/11,2011-10,2011,4,82.7
10/10/11,2011-10,2011,4,85.14
10/11/11,2011-10,2011,4,85.54
10/12/11,2011-10,2011,4,85.3
10/13/11,2011-10,2011,4,83.96
10/14/11,2011-10,2011,4,86.8
10/17/11,2011-10,2011,4,86.38
10/18/11,2011-10,2011,4,88.34
10/19/11,2011-10,2011,4,86.11
10/20/11,2011-10,2011,4,86.07
10/21/11,2011-10,2011,4,87.19
10/24/11,2011-10,2011,4,91.12
10/25/11,2011-10,2011,4,92.98
10/26/11,2011-10,2011,4,90.2
10/27/11,2011-10,2011,4,93.96
10/28/11,2011-10,2011,4,93.32
10/31/11,2011-10,2011,4,93.19
11/1/11,2011-11,2011,4,92.19
11/2/11,2011-11,2011,4,92.51
11/3/11,2011-11,2011,4,94.07
11/4/11,2011-11,2011,4,94.26
11/7/11,2011-11,2011,4,95.52
11/8/11,2011-11,2011,4,96.8
11/9/11,2011-11,2011,4,95.74
11/10/11,2011-11,2011,4,97.78
11/11/11,2011-11,2011,4,98.99
11/14/11,2011-11,2011,4,98.14
11/15/11,2011-11,2011,4,99.37
11/16/11,2011-11,2011,4,102.59
11/17/11,2011-11,2011,4,98.82
11/18/11,2011-11,2011,4,97.67
11/21/11,2011-11,2011,4,96.73
11/22/11,2011-11,2011,4,97.76
11/23/11,2011-11,2011,4,96.16
11/25/11,2011-11,2011,4,96.91
11/28/11,2011-11,2011,4,98.21
11/29/11,2011-11,2011,4,99.79
11/30/11,2011-11,2011,4,100.36
12/1/11,2011-12,2011,4,100.2
12/2/11,2011-12,2011,4,100.97
12/5/11,2011-12,2011,4,100.94
12/6/11,2011-12,2011,4,101.25
12/7/11,2011-12,2011,4,100.45
12/8/11,2011-12,2011,4,98.35
12/9/11,2011-12,2011,4,99.4
12/12/11,2011-12,2011,4,97.77
12/13/11,2011-12,2011,4,100.24
12/14/11,2011-12,2011,4,94.92
12/15/11,2011-12,2011,4,93.84
12/16/11,2011-12,2011,4,93.55
12/19/11,2011-12,2011,4,93.86
12/20/11,2011-12,2011,4,97.16
12/21/11,2011-12,2011,4,98.54
12/22/11,2011-12,2011,4,99.42
12/23/11,2011-12,2011,4,99.72
12/27/11,2011-12,2011,4,101.29
12/28/11,2011-12,2011,4,99.44
12/29/11,2011-12,2011,4,99.68
12/30/11,2011-12,2011,4,98.83
1/3/12,2012-1,2012,1,102.96
1/4/12,2012-1,2012,1,103.22
1/5/12,2012-1,2012,1,101.81
1/6/12,2012-1,2012,1,101.56
1/9/12,2012-1,2012,1,101.31
1/10/12,2012-1,2012,1,102.24
1/11/12,2012-1,2012,1,100.89
1/12/12,2012-1,2012,1,99.03
1/13/12,2012-1,2012,1,98.69
1/17/12,2012-1,2012,1,100.7
1/18/12,2012-1,2012,1,100.61
1/19/12,2012-1,2012,1,100.32
1/20/12,2012-1,2012,1,98.15
1/23/12,2012-1,2012,1,99.47
1/24/12,2012-1,2012,1,98.84
1/25/12,2012-1,2012,1,99.23
1/26/12,2012-1,2012,1,99.76
1/27/12,2012-1,2012,1,99.47
1/30/12,2012-1,2012,1,98.75
1/31/12,2012-1,2012,1,98.46
2/1/12,2012-2,2012,1,97.63
2/2/12,2012-2,2012,1,96.36
2/3/12,2012-2,2012,1,97.8
2/6/12,2012-2,2012,1,96.89
2/7/12,2012-2,2012,1,98.55
2/8/12,2012-2,2012,1,98.8
2/9/12,2012-2,2012,1,99.88
2/10/12,2012-2,2012,1,98.68
2/13/12,2012-2,2012,1,100.39
2/14/12,2012-2,2012,1,100.82
2/15/12,2012-2,2012,1,101.82
2/16/12,2012-2,2012,1,102.33
2/17/12,2012-2,2012,1,103.27
2/21/12,2012-2,2012,1,105.88
2/22/12,2012-2,2012,1,105.99
2/23/12,2012-2,2012,1,107.44
2/24/12,2012-2,2012,1,109.39
2/27/12,2012-2,2012,1,108.49
2/28/12,2012-2,2012,1,106.59
2/29/12,2012-2,2012,1,107.08
3/1/12,2012-3,2012,1,108.76
3/2/12,2012-3,2012,1,106.68
3/5/12,2012-3,2012,1,106.7
3/6/12,2012-3,2012,1,104.71
3/7/12,2012-3,2012,1,106.16
3/8/12,2012-3,2012,1,106.65
3/9/12,2012-3,2012,1,107.4
3/12/12,2012-3,2012,1,106.34
3/13/12,2012-3,2012,1,106.7
3/14/12,2012-3,2012,1,105.49
3/15/12,2012-3,2012,1,105.19
3/16/12,2012-3,2012,1,107.03
3/19/12,2012-3,2012,1,108.09
3/20/12,2012-3,2012,1,105.68
3/21/12,2012-3,2012,1,106.87
3/22/12,2012-3,2012,1,104.98
3/23/12,2012-3,2012,1,106.43
3/26/12,2012-3,2012,1,107.07
3/27/12,2012-3,2012,1,107.32
3/28/12,2012-3,2012,1,105.4
3/29/12,2012-3,2012,1,102.79
3/30/12,2012-3,2012,1,103.03
4/2/12,2012-4,2012,2,105.25
4/3/12,2012-4,2012,2,104.02
4/4/12,2012-4,2012,2,101.53
4/5/12,2012-4,2012,2,103.29
4/9/12,2012-4,2012,2,102.45
4/10/12,2012-4,2012,2,101.12
4/11/12,2012-4,2012,2,102.66
4/12/12,2012-4,2012,2,103.69
4/13/12,2012-4,2012,2,102.84
4/16/12,2012-4,2012,2,102.92
4/17/12,2012-4,2012,2,104.23
4/18/12,2012-4,2012,2,102.65
4/19/12,2012-4,2012,2,102.38
4/20/12,2012-4,2012,2,103.58
4/23/12,2012-4,2012,2,102.68
4/24/12,2012-4,2012,2,103.1
4/25/12,2012-4,2012,2,103.72
4/26/12,2012-4,2012,2,104.56
4/27/12,2012-4,2012,2,104.86
4/30/12,2012-4,2012,2,104.89
5/1/12,2012-5,2012,2,106.17
5/2/12,2012-5,2012,2,105.25
5/3/12,2012-5,2012,2,102.56
5/4/12,2012-5,2012,2,98.49
5/7/12,2012-5,2012,2,97.86
5/8/12,2012-5,2012,2,97.13
5/9/12,2012-5,2012,2,96.8
5/10/12,2012-5,2012,2,97.1
5/11/12,2012-5,2012,2,96.03
5/14/12,2012-5,2012,2,94.75
5/15/12,2012-5,2012,2,93.97
5/16/12,2012-5,2012,2,92.78
5/17/12,2012-5,2012,2,92.53
5/18/12,2012-5,2012,2,91.51
5/21/12,2012-5,2012,2,92.57
5/22/12,2012-5,2012,2,91.44
5/23/12,2012-5,2012,2,89.4
5/24/12,2012-5,2012,2,90.36
5/25/12,2012-5,2012,2,90.64
5/29/12,2012-5,2012,2,90.75
5/30/12,2012-5,2012,2,87.79
5/31/12,2012-5,2012,2,86.52
6/1/12,2012-6,2012,2,83.17
6/4/12,2012-6,2012,2,83.95
6/5/12,2012-6,2012,2,84.31
6/6/12,2012-6,2012,2,85.05
6/7/12,2012-6,2012,2,84.78
6/8/12,2012-6,2012,2,84.08
6/11/12,2012-6,2012,2,82.58
6/12/12,2012-6,2012,2,83.35
6/13/12,2012-6,2012,2,82.56
6/14/12,2012-6,2012,2,83.83
6/15/12,2012-6,2012,2,84.03
6/18/12,2012-6,2012,2,83.26
6/19/12,2012-6,2012,2,83.99
6/20/12,2012-6,2012,2,81.06
6/21/12,2012-6,2012,2,77.91
6/22/12,2012-6,2012,2,79.33
6/25/12,2012-6,2012,2,78.76
6/26/12,2012-6,2012,2,79.34
6/27/12,2012-6,2012,2,80.27
6/28/12,2012-6,2012,2,77.72
6/29/12,2012-6,2012,2,85.04
7/2/12,2012-7,2012,3,83.72
7/3/12,2012-7,2012,3,87.74
7/5/12,2012-7,2012,3,87.11
7/6/12,2012-7,2012,3,84.37
7/9/12,2012-7,2012,3,85.93
7/10/12,2012-7,2012,3,83.92
7/11/12,2012-7,2012,3,85.88
7/12/12,2012-7,2012,3,86.02
7/13/12,2012-7,2012,3,87.15
7/16/12,2012-7,2012,3,88.41
7/17/12,2012-7,2012,3,89.07
7/18/12,2012-7,2012,3,89.88
7/19/12,2012-7,2012,3,92.78
7/20/12,2012-7,2012,3,91.56
7/23/12,2012-7,2012,3,87.77
7/24/12,2012-7,2012,3,88.28
7/25/12,2012-7,2012,3,88.8
7/26/12,2012-7,2012,3,89.4
7/27/12,2012-7,2012,3,90.13
7/30/12,2012-7,2012,3,89.8
7/31/12,2012-7,2012,3,88.08
8/1/12,2012-8,2012,3,88.99
8/2/12,2012-8,2012,3,87.22
8/3/12,2012-8,2012,3,91.4
8/6/12,2012-8,2012,3,92.3
8/7/12,2012-8,2012,3,93.68
8/8/12,2012-8,2012,3,93.39
8/9/12,2012-8,2012,3,93.39
8/10/12,2012-8,2012,3,92.94
8/13/12,2012-8,2012,3,92.76
8/14/12,2012-8,2012,3,93.4
8/15/12,2012-8,2012,3,94.35
8/16/12,2012-8,2012,3,95.66
8/17/12,2012-8,2012,3,96
8/20/12,2012-8,2012,3,96.03
8/21/12,2012-8,2012,3,96.55
8/22/12,2012-8,2012,3,96.89
8/23/12,2012-8,2012,3,95.87
8/24/12,2012-8,2012,3,95.78
8/27/12,2012-8,2012,3,95.54
8/28/12,2012-8,2012,3,96.3
8/29/12,2012-8,2012,3,95.5
8/30/12,2012-8,2012,3,94.61
8/31/12,2012-8,2012,3,96.47
9/4/12,2012-9,2012,3,95.34
9/5/12,2012-9,2012,3,95.37
9/6/12,2012-9,2012,3,95.58
9/7/12,2012-9,2012,3,96.41
9/10/12,2012-9,2012,3,96.52
9/11/12,2012-9,2012,3,97.03
9/12/12,2012-9,2012,3,97.02
9/13/12,2012-9,2012,3,98.3
9/14/12,2012-9,2012,3,98.94
9/17/12,2012-9,2012,3,96.51
9/18/12,2012-9,2012,3,95.25
9/19/12,2012-9,2012,3,91.97
9/20/12,2012-9,2012,3,92.14
9/21/12,2012-9,2012,3,92.64
9/24/12,2012-9,2012,3,91.68
9/25/12,2012-9,2012,3,91.07
9/26/12,2012-9,2012,3,89.92
9/27/12,2012-9,2012,3,91.89
9/28/12,2012-9,2012,3,92.18
10/1/12,2012-10,2012,4,92.44
10/2/12,2012-10,2012,4,91.88
10/3/12,2012-10,2012,4,88.19
10/4/12,2012-10,2012,4,91.69
10/5/12,2012-10,2012,4,89.87
10/8/12,2012-10,2012,4,89.43
10/9/12,2012-10,2012,4,92.42
10/10/12,2012-10,2012,4,91.24
10/11/12,2012-10,2012,4,92.19
10/12/12,2012-10,2012,4,91.83
10/15/12,2012-10,2012,4,91.84
10/16/12,2012-10,2012,4,92.07
10/17/12,2012-10,2012,4,92.04
10/18/12,2012-10,2012,4,92
10/19/12,2012-10,2012,4,90
10/22/12,2012-10,2012,4,88.3
10/23/12,2012-10,2012,4,86.65
10/24/12,2012-10,2012,4,85.39
10/25/12,2012-10,2012,4,85.59
10/26/12,2012-10,2012,4,85.84
10/29/12,2012-10,2012,4,85.52
10/30/12,2012-10,2012,4,85.65
10/31/12,2012-10,2012,4,86.23
11/1/12,2012-11,2012,4,87.05
11/2/12,2012-11,2012,4,84.9
11/5/12,2012-11,2012,4,85.64
11/6/12,2012-11,2012,4,88.62
11/7/12,2012-11,2012,4,84.5
11/8/12,2012-11,2012,4,85.07
11/9/12,2012-11,2012,4,86.08
11/12/12,2012-11,2012,4,85.56
11/13/12,2012-11,2012,4,85.38
11/14/12,2012-11,2012,4,86.32
11/15/12,2012-11,2012,4,85.45
11/16/12,2012-11,2012,4,86.62
11/19/12,2012-11,2012,4,89.05
11/20/12,2012-11,2012,4,86.46
11/21/12,2012-11,2012,4,87.08
11/23/12,2012-11,2012,4,87.01
11/26/12,2012-11,2012,4,87.28
11/27/12,2012-11,2012,4,86.81
11/28/12,2012-11,2012,4,86.1
11/29/12,2012-11,2012,4,87.64
11/30/12,2012-11,2012,4,88.54
12/3/12,2012-12,2012,4,88.69
12/4/12,2012-12,2012,4,88.04
12/5/12,2012-12,2012,4,87.36
12/6/12,2012-12,2012,4,85.47
12/7/12,2012-12,2012,4,85.45
12/10/12,2012-12,2012,4,85.14
12/11/12,2012-12,2012,4,85.36
12/12/12,2012-12,2012,4,86.35
12/13/12,2012-12,2012,4,85.39
12/14/12,2012-12,2012,4,86.32
12/17/12,2012-12,2012,4,86.71
12/18/12,2012-12,2012,4,87.46
12/19/12,2012-12,2012,4,89.09
12/20/12,2012-12,2012,4,89.76
12/21/12,2012-12,2012,4,88.2
12/24/12,2012-12,2012,4,88.29
12/26/12,2012-12,2012,4,90.71
12/27/12,2012-12,2012,4,90.91
12/28/12,2012-12,2012,4,90.66
12/31/12,2012-12,2012,4,91.83
1/2/13,2013-1,2013,1,93.14
1/3/13,2013-1,2013,1,92.97
1/4/13,2013-1,2013,1,93.12
1/7/13,2013-1,2013,1,93.2
1/8/13,2013-1,2013,1,93.21
1/9/13,2013-1,2013,1,93.08
1/10/13,2013-1,2013,1,93.81
1/11/13,2013-1,2013,1,93.6
1/14/13,2013-1,2013,1,94.27
1/15/13,2013-1,2013,1,93.26
1/16/13,2013-1,2013,1,94.28
1/17/13,2013-1,2013,1,95.49
1/18/13,2013-1,2013,1,95.61
1/22/13,2013-1,2013,1,96.09
1/23/13,2013-1,2013,1,95.06
1/24/13,2013-1,2013,1,95.35
1/25/13,2013-1,2013,1,95.15
1/28/13,2013-1,2013,1,95.95
1/29/13,2013-1,2013,1,97.62
1/30/13,2013-1,2013,1,97.98
1/31/13,2013-1,2013,1,97.65
2/1/13,2013-2,2013,1,97.46
2/4/13,2013-2,2013,1,96.21
2/5/13,2013-2,2013,1,96.68
2/6/13,2013-2,2013,1,96.44
2/7/13,2013-2,2013,1,95.84
2/8/13,2013-2,2013,1,95.71
2/11/13,2013-2,2013,1,97.01
2/12/13,2013-2,2013,1,97.48
2/13/13,2013-2,2013,1,97.03
2/14/13,2013-2,2013,1,97.3
2/15/13,2013-2,2013,1,95.95
2/19/13,2013-2,2013,1,96.69
2/20/13,2013-2,2013,1,94.92
2/21/13,2013-2,2013,1,92.79
2/22/13,2013-2,2013,1,93.12
2/25/13,2013-2,2013,1,92.74
2/26/13,2013-2,2013,1,92.63
2/27/13,2013-2,2013,1,92.84
2/28/13,2013-2,2013,1,92.03
3/1/13,2013-3,2013,1,90.71
3/4/13,2013-3,2013,1,90.13
3/5/13,2013-3,2013,1,90.88
3/6/13,2013-3,2013,1,90.47
3/7/13,2013-3,2013,1,91.53
3/8/13,2013-3,2013,1,92.01
3/11/13,2013-3,2013,1,92.07
3/12/13,2013-3,2013,1,92.44
3/13/13,2013-3,2013,1,92.47
3/14/13,2013-3,2013,1,93.03
3/15/13,2013-3,2013,1,93.49
3/18/13,2013-3,2013,1,93.71
3/19/13,2013-3,2013,1,92.44
3/20/13,2013-3,2013,1,93.21
3/21/13,2013-3,2013,1,92.46
3/22/13,2013-3,2013,1,93.41
3/25/13,2013-3,2013,1,94.55
3/26/13,2013-3,2013,1,95.99
3/27/13,2013-3,2013,1,96.53
3/28/13,2013-3,2013,1,97.24
4/1/13,2013-4,2013,2,97.1
4/2/13,2013-4,2013,2,97.23
4/3/13,2013-4,2013,2,95.02
4/4/13,2013-4,2013,2,93.26
4/5/13,2013-4,2013,2,92.76
4/8/13,2013-4,2013,2,93.36
4/9/13,2013-4,2013,2,94.18
4/10/13,2013-4,2013,2,94.59
4/11/13,2013-4,2013,2,93.44
4/12/13,2013-4,2013,2,91.23
4/15/13,2013-4,2013,2,88.75
4/16/13,2013-4,2013,2,88.73
4/17/13,2013-4,2013,2,86.65
4/18/13,2013-4,2013,2,87.83
4/19/13,2013-4,2013,2,88.04
4/22/13,2013-4,2013,2,88.81
4/23/13,2013-4,2013,2,89.21
4/24/13,2013-4,2013,2,91.07
4/25/13,2013-4,2013,2,93.27
4/26/13,2013-4,2013,2,92.63
4/29/13,2013-4,2013,2,94.09
4/30/13,2013-4,2013,2,93.22
5/1/13,2013-5,2013,2,90.74
5/2/13,2013-5,2013,2,93.7
5/3/13,2013-5,2013,2,95.25
5/6/13,2013-5,2013,2,95.8
5/7/13,2013-5,2013,2,95.28
5/8/13,2013-5,2013,2,96.24
5/9/13,2013-5,2013,2,96.09
5/10/13,2013-5,2013,2,95.81
5/13/13,2013-5,2013,2,94.76
5/14/13,2013-5,2013,2,93.96
5/15/13,2013-5,2013,2,93.95
5/16/13,2013-5,2013,2,94.85
5/17/13,2013-5,2013,2,95.72
5/20/13,2013-5,2013,2,96.29
5/21/13,2013-5,2013,2,95.55
5/22/13,2013-5,2013,2,93.98
5/23/13,2013-5,2013,2,94.12
5/24/13,2013-5,2013,2,93.84
5/28/13,2013-5,2013,2,94.65
5/29/13,2013-5,2013,2,93.13
5/30/13,2013-5,2013,2,93.57
5/31/13,2013-5,2013,2,91.93
6/3/13,2013-6,2013,2,93.41
6/4/13,2013-6,2013,2,93.36
6/5/13,2013-6,2013,2,93.66
6/6/13,2013-6,2013,2,94.71
6/7/13,2013-6,2013,2,96.11
6/10/13,2013-6,2013,2,95.82
6/11/13,2013-6,2013,2,95.5
6/12/13,2013-6,2013,2,95.98
6/13/13,2013-6,2013,2,96.66
6/14/13,2013-6,2013,2,97.83
6/17/13,2013-6,2013,2,97.86
6/18/13,2013-6,2013,2,98.46
6/19/13,2013-6,2013,2,98.24
6/20/13,2013-6,2013,2,94.89
6/21/13,2013-6,2013,2,93.81
6/24/13,2013-6,2013,2,95.07
6/25/13,2013-6,2013,2,95.25
6/26/13,2013-6,2013,2,95.47
6/27/13,2013-6,2013,2,97
6/28/13,2013-6,2013,2,96.36
7/1/13,2013-7,2013,3,97.94
7/2/13,2013-7,2013,3,99.65
7/3/13,2013-7,2013,3,101.92
7/5/13,2013-7,2013,3,103.09
7/8/13,2013-7,2013,3,103.03
7/9/13,2013-7,2013,3,103.46
7/10/13,2013-7,2013,3,106.41
7/11/13,2013-7,2013,3,104.77
7/12/13,2013-7,2013,3,105.85
7/15/13,2013-7,2013,3,106.2
7/16/13,2013-7,2013,3,105.88
7/17/13,2013-7,2013,3,106.39
7/18/13,2013-7,2013,3,107.94
7/19/13,2013-7,2013,3,108
7/22/13,2013-7,2013,3,106.61
7/23/13,2013-7,2013,3,107.13
7/24/13,2013-7,2013,3,105.41
7/25/13,2013-7,2013,3,105.47
7/26/13,2013-7,2013,3,104.76
7/29/13,2013-7,2013,3,104.61
7/30/13,2013-7,2013,3,103.14
7/31/13,2013-7,2013,3,105.1
8/1/13,2013-8,2013,3,107.93
8/2/13,2013-8,2013,3,106.94
8/5/13,2013-8,2013,3,106.61
8/6/13,2013-8,2013,3,105.32
8/7/13,2013-8,2013,3,104.41
8/8/13,2013-8,2013,3,103.45
8/9/13,2013-8,2013,3,106.04
8/12/13,2013-8,2013,3,106.19
8/13/13,2013-8,2013,3,106.78
8/14/13,2013-8,2013,3,106.89
8/15/13,2013-8,2013,3,107.43
8/16/13,2013-8,2013,3,107.58
8/19/13,2013-8,2013,3,107.14
8/20/13,2013-8,2013,3,104.9
8/21/13,2013-8,2013,3,103.93
8/22/13,2013-8,2013,3,104.93
8/23/13,2013-8,2013,3,106.48
8/26/13,2013-8,2013,3,105.88
8/27/13,2013-8,2013,3,109.11
8/28/13,2013-8,2013,3,110.17
8/29/13,2013-8,2013,3,108.51
8/30/13,2013-8,2013,3,107.98
9/3/13,2013-9,2013,3,108.67
9/4/13,2013-9,2013,3,107.29
9/5/13,2013-9,2013,3,108.5
9/6/13,2013-9,2013,3,110.62
9/9/13,2013-9,2013,3,109.62
9/10/13,2013-9,2013,3,107.48
9/11/13,2013-9,2013,3,107.65
9/12/13,2013-9,2013,3,108.72
9/13/13,2013-9,2013,3,108.31
9/16/13,2013-9,2013,3,106.54
9/17/13,2013-9,2013,3,105.36
9/18/13,2013-9,2013,3,108.23
9/19/13,2013-9,2013,3,106.26
9/20/13,2013-9,2013,3,104.7
9/23/13,2013-9,2013,3,103.62
9/24/13,2013-9,2013,3,103.22
9/25/13,2013-9,2013,3,102.68
9/26/13,2013-9,2013,3,103.1
9/27/13,2013-9,2013,3,102.86
9/30/13,2013-9,2013,3,102.36
10/1/13,2013-10,2013,4,102.09
10/2/13,2013-10,2013,4,104.15
10/3/13,2013-10,2013,4,103.29
10/4/13,2013-10,2013,4,103.83
10/7/13,2013-10,2013,4,103.07
10/8/13,2013-10,2013,4,103.54
10/9/13,2013-10,2013,4,101.63
10/10/13,2013-10,2013,4,103.08
10/11/13,2013-10,2013,4,102.17
10/14/13,2013-10,2013,4,102.46
10/15/13,2013-10,2013,4,101.15
10/16/13,2013-10,2013,4,102.34
10/17/13,2013-10,2013,4,100.72
10/18/13,2013-10,2013,4,100.87
10/21/13,2013-10,2013,4,99.28
10/22/13,2013-10,2013,4,97.63
10/23/13,2013-10,2013,4,96.9
10/24/13,2013-10,2013,4,96.65
10/25/13,2013-10,2013,4,97.4
10/28/13,2013-10,2013,4,98.74
10/29/13,2013-10,2013,4,98.29
10/30/13,2013-10,2013,4,96.81
10/31/13,2013-10,2013,4,96.29
11/1/13,2013-11,2013,4,94.56
11/4/13,2013-11,2013,4,94.58
11/5/13,2013-11,2013,4,93.4
11/6/13,2013-11,2013,4,94.74
11/7/13,2013-11,2013,4,94.25
11/8/13,2013-11,2013,4,94.56
11/11/13,2013-11,2013,4,95.13
11/12/13,2013-11,2013,4,93.12
11/13/13,2013-11,2013,4,93.91
11/14/13,2013-11,2013,4,93.76
11/15/13,2013-11,2013,4,93.8
11/18/13,2013-11,2013,4,93.03
11/19/13,2013-11,2013,4,93.35
11/20/13,2013-11,2013,4,93.34
11/21/13,2013-11,2013,4,95.35
11/22/13,2013-11,2013,4,94.53
11/25/13,2013-11,2013,4,93.86
11/26/13,2013-11,2013,4,93.41
11/27/13,2013-11,2013,4,92.05
11/29/13,2013-11,2013,4,92.55
12/2/13,2013-12,2013,4,93.61
12/3/13,2013-12,2013,4,95.83
12/4/13,2013-12,2013,4,96.97
12/5/13,2013-12,2013,4,97.14
12/6/13,2013-12,2013,4,97.48
12/9/13,2013-12,2013,4,97.1
12/10/13,2013-12,2013,4,98.32
12/11/13,2013-12,2013,4,97.25
12/12/13,2013-12,2013,4,97.21
12/13/13,2013-12,2013,4,96.27
12/16/13,2013-12,2013,4,97.18
12/17/13,2013-12,2013,4,96.99
12/18/13,2013-12,2013,4,97.59
12/19/13,2013-12,2013,4,98.4
12/20/13,2013-12,2013,4,99.11
12/23/13,2013-12,2013,4,98.62
12/24/13,2013-12,2013,4,98.87
12/26/13,2013-12,2013,4,99.18
12/27/13,2013-12,2013,4,99.94
12/30/13,2013-12,2013,4,98.9
12/31/13,2013-12,2013,4,98.17
1/2/14,2014-1,2014,1,95.14
1/3/14,2014-1,2014,1,93.66
1/6/14,2014-1,2014,1,93.12
1/7/14,2014-1,2014,1,93.31
1/8/14,2014-1,2014,1,91.9
1/9/14,2014-1,2014,1,91.36
1/10/14,2014-1,2014,1,92.39
1/13/14,2014-1,2014,1,91.45
1/14/14,2014-1,2014,1,92.15
1/15/14,2014-1,2014,1,93.78
1/16/14,2014-1,2014,1,93.54
1/17/14,2014-1,2014,1,93.96
1/21/14,2014-1,2014,1,94.51
1/22/14,2014-1,2014,1,96.35
1/23/14,2014-1,2014,1,97.23
1/24/14,2014-1,2014,1,96.66
1/27/14,2014-1,2014,1,95.82
1/28/14,2014-1,2014,1,97.49
1/29/14,2014-1,2014,1,97.34
1/30/14,2014-1,2014,1,98.25
1/31/14,2014-1,2014,1,97.55
2/3/14,2014-2,2014,1,96.44
2/4/14,2014-2,2014,1,97.24
2/5/14,2014-2,2014,1,97.4
2/6/14,2014-2,2014,1,97.84
2/7/14,2014-2,2014,1,99.98
2/10/14,2014-2,2014,1,100.12
2/11/14,2014-2,2014,1,99.96
2/12/14,2014-2,2014,1,100.38
2/13/14,2014-2,2014,1,100.27
2/14/14,2014-2,2014,1,100.31
2/18/14,2014-2,2014,1,102.54
2/19/14,2014-2,2014,1,103.46
2/20/14,2014-2,2014,1,103.2
2/21/14,2014-2,2014,1,102.53
2/24/14,2014-2,2014,1,103.17
2/25/14,2014-2,2014,1,102.2
2/26/14,2014-2,2014,1,102.93
2/27/14,2014-2,2014,1,102.68
2/28/14,2014-2,2014,1,102.88
3/3/14,2014-3,2014,1,105.34
3/4/14,2014-3,2014,1,103.64
3/5/14,2014-3,2014,1,101.75
3/6/14,2014-3,2014,1,101.82
3/7/14,2014-3,2014,1,102.82
3/10/14,2014-3,2014,1,101.39
3/11/14,2014-3,2014,1,100.29
3/12/14,2014-3,2014,1,98.29
3/13/14,2014-3,2014,1,98.57
3/14/14,2014-3,2014,1,99.23
3/17/14,2014-3,2014,1,98.43
3/18/14,2014-3,2014,1,100.08
3/19/14,2014-3,2014,1,100.71
3/20/14,2014-3,2014,1,99.68
3/21/14,2014-3,2014,1,99.97
3/24/14,2014-3,2014,1,100.05
3/25/14,2014-3,2014,1,99.66
3/26/14,2014-3,2014,1,100.61
3/27/14,2014-3,2014,1,101.25
3/28/14,2014-3,2014,1,101.73
3/31/14,2014-3,2014,1,101.57
4/1/14,2014-4,2014,2,99.69
4/2/14,2014-4,2014,2,99.6
4/3/14,2014-4,2014,2,100.29
4/4/14,2014-4,2014,2,101.16
4/7/14,2014-4,2014,2,100.43
4/8/14,2014-4,2014,2,102.57
4/9/14,2014-4,2014,2,103.55
4/10/14,2014-4,2014,2,103.37
4/11/14,2014-4,2014,2,103.68
4/14/14,2014-4,2014,2,104.05
4/15/14,2014-4,2014,2,103.7
4/16/14,2014-4,2014,2,103.71
4/17/14,2014-4,2014,2,104.33
4/21/14,2014-4,2014,2,104.35
4/22/14,2014-4,2014,2,101.69
4/23/14,2014-4,2014,2,101.47
4/24/14,2014-4,2014,2,102.2
4/25/14,2014-4,2014,2,100.85
4/28/14,2014-4,2014,2,101.13
4/29/14,2014-4,2014,2,101.56
4/30/14,2014-4,2014,2,100.07
5/1/14,2014-5,2014,2,99.69
5/2/14,2014-5,2014,2,100.09
5/5/14,2014-5,2014,2,99.74
5/6/14,2014-5,2014,2,99.81
5/7/14,2014-5,2014,2,101.06
5/8/14,2014-5,2014,2,100.52
5/9/14,2014-5,2014,2,100.32
5/12/14,2014-5,2014,2,100.89
5/13/14,2014-5,2014,2,102.01
5/14/14,2014-5,2014,2,102.63
5/15/14,2014-5,2014,2,101.74
5/16/14,2014-5,2014,2,102.31
5/19/14,2014-5,2014,2,102.95
5/20/14,2014-5,2014,2,102.8
5/21/14,2014-5,2014,2,104.31
5/22/14,2014-5,2014,2,104.03
5/23/14,2014-5,2014,2,105.01
5/27/14,2014-5,2014,2,104.78
5/28/14,2014-5,2014,2,103.37
5/29/14,2014-5,2014,2,104.26
5/30/14,2014-5,2014,2,103.4
6/2/14,2014-6,2014,2,103.07
6/3/14,2014-6,2014,2,103.34
6/4/14,2014-6,2014,2,103.27
6/5/14,2014-6,2014,2,103.17
6/6/14,2014-6,2014,2,103.32
6/9/14,2014-6,2014,2,105.09
6/10/14,2014-6,2014,2,105.02
6/11/14,2014-6,2014,2,105.04
6/12/14,2014-6,2014,2,107.2
6/13/14,2014-6,2014,2,107.49
6/16/14,2014-6,2014,2,107.52
6/17/14,2014-6,2014,2,106.95
6/18/14,2014-6,2014,2,106.64
6/19/14,2014-6,2014,2,107.08
6/20/14,2014-6,2014,2,107.95
6/23/14,2014-6,2014,2,106.83
6/24/14,2014-6,2014,2,106.64
6/25/14,2014-6,2014,2,107.04
6/26/14,2014-6,2014,2,106.49
6/27/14,2014-6,2014,2,106.46
6/30/14,2014-6,2014,2,106.07
7/1/14,2014-7,2014,3,106.06
7/2/14,2014-7,2014,3,105.18
7/3/14,2014-7,2014,3,104.76
7/7/14,2014-7,2014,3,104.19
7/8/14,2014-7,2014,3,104.06
7/9/14,2014-7,2014,3,102.93
7/10/14,2014-7,2014,3,103.61
7/11/14,2014-7,2014,3,101.48
7/14/14,2014-7,2014,3,101.73
7/15/14,2014-7,2014,3,100.56
7/16/14,2014-7,2014,3,101.88
7/17/14,2014-7,2014,3,103.84
7/18/14,2014-7,2014,3,103.83
7/21/14,2014-7,2014,3,105.34
7/22/14,2014-7,2014,3,104.59
7/23/14,2014-7,2014,3,103.81
7/24/14,2014-7,2014,3,102.76
7/25/14,2014-7,2014,3,105.23
7/28/14,2014-7,2014,3,105.68
7/29/14,2014-7,2014,3,104.91
7/30/14,2014-7,2014,3,104.29
7/31/14,2014-7,2014,3,98.23
8/1/14,2014-8,2014,3,97.86
8/4/14,2014-8,2014,3,98.26
8/5/14,2014-8,2014,3,97.34
8/6/14,2014-8,2014,3,96.93
8/7/14,2014-8,2014,3,97.34
8/8/14,2014-8,2014,3,97.61
8/11/14,2014-8,2014,3,98.09
8/12/14,2014-8,2014,3,97.36
8/13/14,2014-8,2014,3,97.57
8/14/14,2014-8,2014,3,95.54
8/15/14,2014-8,2014,3,97.3
8/18/14,2014-8,2014,3,96.44
8/19/14,2014-8,2014,3,94.35
8/20/14,2014-8,2014,3,96.4
8/21/14,2014-8,2014,3,93.97
8/22/14,2014-8,2014,3,93.61
8/25/14,2014-8,2014,3,95.39
8/26/14,2014-8,2014,3,95.78
8/27/14,2014-8,2014,3,95.82
8/28/14,2014-8,2014,3,96.44
8/29/14,2014-8,2014,3,97.86
9/2/14,2014-9,2014,3,92.92
9/3/14,2014-9,2014,3,95.5
9/4/14,2014-9,2014,3,94.51
9/5/14,2014-9,2014,3,93.32
9/8/14,2014-9,2014,3,92.64
9/9/14,2014-9,2014,3,92.73
9/10/14,2014-9,2014,3,91.71
9/11/14,2014-9,2014,3,92.89
9/12/14,2014-9,2014,3,92.18
9/15/14,2014-9,2014,3,92.86
9/16/14,2014-9,2014,3,94.91
9/17/14,2014-9,2014,3,94.33
9/18/14,2014-9,2014,3,93.07
9/19/14,2014-9,2014,3,92.43
9/22/14,2014-9,2014,3,91.46
9/23/14,2014-9,2014,3,91.55
9/24/14,2014-9,2014,3,93.6
9/25/14,2014-9,2014,3,93.59
9/26/14,2014-9,2014,3,95.55
9/29/14,2014-9,2014,3,94.53
9/30/14,2014-9,2014,3,91.17
10/1/14,2014-10,2014,4,90.74
10/2/14,2014-10,2014,4,91.02
10/3/14,2014-10,2014,4,89.76
10/6/14,2014-10,2014,4,90.33
10/7/14,2014-10,2014,4,88.89
10/8/14,2014-10,2014,4,87.29
10/9/14,2014-10,2014,4,85.76
10/10/14,2014-10,2014,4,85.87
10/13/14,2014-10,2014,4,85.73
10/14/14,2014-10,2014,4,81.72
10/15/14,2014-10,2014,4,81.82
10/16/14,2014-10,2014,4,82.33
10/17/14,2014-10,2014,4,82.8
10/20/14,2014-10,2014,4,82.76
10/21/14,2014-10,2014,4,83.25
10/22/14,2014-10,2014,4,80.52
10/23/14,2014-10,2014,4,82.81
10/24/14,2014-10,2014,4,81.27
10/27/14,2014-10,2014,4,81.26
10/28/14,2014-10,2014,4,81.36
10/29/14,2014-10,2014,4,82.25
10/30/14,2014-10,2014,4,81.06
10/31/14,2014-10,2014,4,80.53
11/3/14,2014-11,2014,4,78.77
11/4/14,2014-11,2014,4,77.15
11/5/14,2014-11,2014,4,78.71
11/6/14,2014-11,2014,4,77.87
11/7/14,2014-11,2014,4,78.71
11/10/14,2014-11,2014,4,77.43
11/11/14,2014-11,2014,4,77.85
11/12/14,2014-11,2014,4,77.16
11/13/14,2014-11,2014,4,74.13
11/14/14,2014-11,2014,4,75.91
11/17/14,2014-11,2014,4,75.64
11/18/14,2014-11,2014,4,74.55
11/19/14,2014-11,2014,4,74.55
11/20/14,2014-11,2014,4,75.63
11/21/14,2014-11,2014,4,76.52
11/24/14,2014-11,2014,4,75.74
11/25/14,2014-11,2014,4,74.04
11/26/14,2014-11,2014,4,73.7
11/28/14,2014-11,2014,4,65.94
12/1/14,2014-12,2014,4,68.98
12/2/14,2014-12,2014,4,66.99
12/3/14,2014-12,2014,4,67.3
12/4/14,2014-12,2014,4,66.73
12/5/14,2014-12,2014,4,65.89
12/8/14,2014-12,2014,4,63.13
12/9/14,2014-12,2014,4,63.74
12/10/14,2014-12,2014,4,60.99
12/11/14,2014-12,2014,4,60.01
12/12/14,2014-12,2014,4,57.81
12/15/14,2014-12,2014,4,55.96
12/16/14,2014-12,2014,4,55.97
12/17/14,2014-12,2014,4,56.43
12/18/14,2014-12,2014,4,54.18
12/19/14,2014-12,2014,4,56.91
12/22/14,2014-12,2014,4,55.25
12/23/14,2014-12,2014,4,56.78
12/24/14,2014-12,2014,4,55.7
12/26/14,2014-12,2014,4,54.59
12/29/14,2014-12,2014,4,53.46
12/30/14,2014-12,2014,4,54.14
12/31/14,2014-12,2014,4,53.45
1/2/15,2015-1,2015,1,52.72
1/5/15,2015-1,2015,1,50.05
1/6/15,2015-1,2015,1,47.98
1/7/15,2015-1,2015,1,48.69
1/8/15,2015-1,2015,1,48.8
1/9/15,2015-1,2015,1,48.35
1/12/15,2015-1,2015,1,46.06
1/13/15,2015-1,2015,1,45.92
1/14/15,2015-1,2015,1,48.49
1/15/15,2015-1,2015,1,46.37
1/16/15,2015-1,2015,1,48.49
1/20/15,2015-1,2015,1,46.79
1/21/15,2015-1,2015,1,47.85
1/22/15,2015-1,2015,1,45.93
1/23/15,2015-1,2015,1,45.26
1/26/15,2015-1,2015,1,44.8
1/27/15,2015-1,2015,1,45.84
1/28/15,2015-1,2015,1,44.08
1/29/15,2015-1,2015,1,44.12
1/30/15,2015-1,2015,1,47.79
2/2/15,2015-2,2015,1,49.25
2/3/15,2015-2,2015,1,53.04
2/4/15,2015-2,2015,1,48.45
2/5/15,2015-2,2015,1,50.48
2/6/15,2015-2,2015,1,51.66
2/9/15,2015-2,2015,1,52.99
2/10/15,2015-2,2015,1,50.06
2/11/15,2015-2,2015,1,48.8
2/12/15,2015-2,2015,1,51.17
2/13/15,2015-2,2015,1,52.66
2/17/15,2015-2,2015,1,53.56
2/18/15,2015-2,2015,1,52.13
2/19/15,2015-2,2015,1,51.12
2/20/15,2015-2,2015,1,49.95
2/23/15,2015-2,2015,1,49.56
2/24/15,2015-2,2015,1,48.48
2/25/15,2015-2,2015,1,50.25
2/26/15,2015-2,2015,1,47.65
2/27/15,2015-2,2015,1,49.84
3/2/15,2015-3,2015,1,49.59
3/3/15,2015-3,2015,1,50.43
3/4/15,2015-3,2015,1,51.53
3/5/15,2015-3,2015,1,50.76
3/6/15,2015-3,2015,1,49.61
3/9/15,2015-3,2015,1,49.95
3/10/15,2015-3,2015,1,48.42
3/11/15,2015-3,2015,1,48.06
3/12/15,2015-3,2015,1,47.12
3/13/15,2015-3,2015,1,44.88
3/16/15,2015-3,2015,1,43.93
3/17/15,2015-3,2015,1,43.39
3/18/15,2015-3,2015,1,44.63
3/19/15,2015-3,2015,1,44.02
3/20/15,2015-3,2015,1,46
3/23/15,2015-3,2015,1,47.4
3/24/15,2015-3,2015,1,47.03
3/25/15,2015-3,2015,1,48.75
3/26/15,2015-3,2015,1,51.41
3/27/15,2015-3,2015,1,48.83
3/30/15,2015-3,2015,1,48.66
3/31/15,2015-3,2015,1,47.72
4/1/15,2015-4,2015,2,50.12
4/2/15,2015-4,2015,2,49.13
4/6/15,2015-4,2015,2,52.08
4/7/15,2015-4,2015,2,53.95
4/8/15,2015-4,2015,2,50.44
4/9/15,2015-4,2015,2,50.79
4/10/15,2015-4,2015,2,51.63
4/13/15,2015-4,2015,2,51.95
4/14/15,2015-4,2015,2,53.3
4/15/15,2015-4,2015,2,56.25
4/16/15,2015-4,2015,2,56.69
4/17/15,2015-4,2015,2,55.71
4/20/15,2015-4,2015,2,56.37
4/21/15,2015-4,2015,2,55.58
4/22/15,2015-4,2015,2,56.17
4/23/15,2015-4,2015,2,56.59
4/24/15,2015-4,2015,2,55.98
4/27/15,2015-4,2015,2,55.56
4/28/15,2015-4,2015,2,57.05
4/29/15,2015-4,2015,2,58.55
4/30/15,2015-4,2015,2,59.62
5/1/15,2015-5,2015,2,59.1
5/4/15,2015-5,2015,2,58.92
5/5/15,2015-5,2015,2,60.38
5/6/15,2015-5,2015,2,60.93
5/7/15,2015-5,2015,2,58.99
5/8/15,2015-5,2015,2,59.41
5/11/15,2015-5,2015,2,59.23
5/12/15,2015-5,2015,2,60.72
5/13/15,2015-5,2015,2,60.5
5/14/15,2015-5,2015,2,59.89
5/15/15,2015-5,2015,2,59.73
5/18/15,2015-5,2015,2,59.44
5/19/15,2015-5,2015,2,57.3
5/20/15,2015-5,2015,2,58.96
5/21/15,2015-5,2015,2,60.18
5/22/15,2015-5,2015,2,58.88
5/26/15,2015-5,2015,2,57.29
5/27/15,2015-5,2015,2,57.51
5/28/15,2015-5,2015,2,57.68
5/29/15,2015-5,2015,2,60.3
6/1/15,2015-6,2015,2,60.2
6/2/15,2015-6,2015,2,61.26
6/3/15,2015-6,2015,2,59.64
6/4/15,2015-6,2015,2,58
6/5/15,2015-6,2015,2,59.13
6/8/15,2015-6,2015,2,58.14
6/9/15,2015-6,2015,2,60.14
6/10/15,2015-6,2015,2,61.43
6/11/15,2015-6,2015,2,60.77
6/12/15,2015-6,2015,2,59.96
6/15/15,2015-6,2015,2,59.52
6/16/15,2015-6,2015,2,59.97
6/17/15,2015-6,2015,2,59.92
6/18/15,2015-6,2015,2,60.45
6/19/15,2015-6,2015,2,59.61
6/22/15,2015-6,2015,2,59.68
6/23/15,2015-6,2015,2,61.01
6/24/15,2015-6,2015,2,60.27
6/25/15,2015-6,2015,2,59.7
6/26/15,2015-6,2015,2,59.63
6/29/15,2015-6,2015,2,58.33
6/30/15,2015-6,2015,2,59.47
7/1/15,2015-7,2015,3,56.96
7/2/15,2015-7,2015,3,56.93
7/6/15,2015-7,2015,3,52.53
7/7/15,2015-7,2015,3,52.33
7/8/15,2015-7,2015,3,51.65
7/9/15,2015-7,2015,3,52.78
7/10/15,2015-7,2015,3,52.74
7/13/15,2015-7,2015,3,52.2
7/14/15,2015-7,2015,3,53.04
7/15/15,2015-7,2015,3,51.41
7/16/15,2015-7,2015,3,50.91
7/17/15,2015-7,2015,3,50.89
7/20/15,2015-7,2015,3,50.15
7/21/15,2015-7,2015,3,50.36
7/22/15,2015-7,2015,3,49.19
7/23/15,2015-7,2015,3,48.45
7/24/15,2015-7,2015,3,48.14
7/27/15,2015-7,2015,3,47.39
7/28/15,2015-7,2015,3,47.98
7/29/15,2015-7,2015,3,48.79
7/30/15,2015-7,2015,3,48.52
7/31/15,2015-7,2015,3,47.12
8/3/15,2015-8,2015,3,45.17
8/4/15,2015-8,2015,3,45.74
8/5/15,2015-8,2015,3,45.15
8/6/15,2015-8,2015,3,44.66
8/7/15,2015-8,2015,3,43.87
8/10/15,2015-8,2015,3,44.96
8/11/15,2015-8,2015,3,43.08
8/12/15,2015-8,2015,3,43.3
8/13/15,2015-8,2015,3,42.23
8/14/15,2015-8,2015,3,42.5
8/17/15,2015-8,2015,3,41.87
8/18/15,2015-8,2015,3,42.62
8/19/15,2015-8,2015,3,40.8
8/20/15,2015-8,2015,3,41.14
8/21/15,2015-8,2015,3,40.45
8/24/15,2015-8,2015,3,38.24
8/25/15,2015-8,2015,3,39.31
8/26/15,2015-8,2015,3,38.6
8/27/15,2015-8,2015,3,42.56
8/28/15,2015-8,2015,3,45.22
8/31/15,2015-8,2015,3,49.2
9/1/15,2015-9,2015,3,45.41
9/2/15,2015-9,2015,3,46.25
9/3/15,2015-9,2015,3,46.75
9/4/15,2015-9,2015,3,46.05
9/8/15,2015-9,2015,3,45.94
9/9/15,2015-9,2015,3,44.15
9/10/15,2015-9,2015,3,45.92
9/11/15,2015-9,2015,3,44.63
9/14/15,2015-9,2015,3,44
9/15/15,2015-9,2015,3,44.59
9/16/15,2015-9,2015,3,47.15
9/17/15,2015-9,2015,3,46.9
9/18/15,2015-9,2015,3,44.68
9/21/15,2015-9,2015,3,46.68
9/22/15,2015-9,2015,3,45.83
9/23/15,2015-9,2015,3,44.48
9/24/15,2015-9,2015,3,44.91
9/25/15,2015-9,2015,3,45.7
9/28/15,2015-9,2015,3,44.43
9/29/15,2015-9,2015,3,45.23
9/30/15,2015-9,2015,3,45.09
10/1/15,2015-10,2015,4,44.74
10/2/15,2015-10,2015,4,45.54
10/5/15,2015-10,2015,4,46.26
10/6/15,2015-10,2015,4,48.53
10/7/15,2015-10,2015,4,47.81
10/8/15,2015-10,2015,4,49.43
10/9/15,2015-10,2015,4,49.63
10/12/15,2015-10,2015,4,47.1
10/13/15,2015-10,2015,4,46.66
10/14/15,2015-10,2015,4,46.64
10/15/15,2015-10,2015,4,46.38
10/16/15,2015-10,2015,4,47.26
10/19/15,2015-10,2015,4,45.89
10/20/15,2015-10,2015,4,45.55
10/21/15,2015-10,2015,4,45.2
10/22/15,2015-10,2015,4,45.38
10/23/15,2015-10,2015,4,44.6
10/26/15,2015-10,2015,4,43.98
10/27/15,2015-10,2015,4,43.2
10/28/15,2015-10,2015,4,45.94
10/29/15,2015-10,2015,4,46.06
10/30/15,2015-10,2015,4,46.59
11/2/15,2015-11,2015,4,46.14
11/3/15,2015-11,2015,4,47.9
11/4/15,2015-11,2015,4,46.32
11/5/15,2015-11,2015,4,45.2
11/6/15,2015-11,2015,4,44.29
11/9/15,2015-11,2015,4,43.87
11/10/15,2015-11,2015,4,44.21
11/11/15,2015-11,2015,4,42.93
11/12/15,2015-11,2015,4,41.75
11/13/15,2015-11,2015,4,40.74
11/16/15,2015-11,2015,4,41.74
11/17/15,2015-11,2015,4,40.67
11/18/15,2015-11,2015,4,40.75
11/19/15,2015-11,2015,4,40.54
11/20/15,2015-11,2015,4,40.39
11/23/15,2015-11,2015,4,41.75
11/24/15,2015-11,2015,4,42.87
11/25/15,2015-11,2015,4,43.04
11/27/15,2015-11,2015,4,41.71
11/30/15,2015-11,2015,4,41.65
12/1/15,2015-12,2015,4,41.85
12/2/15,2015-12,2015,4,39.94
12/3/15,2015-12,2015,4,41.08
12/4/15,2015-12,2015,4,39.97
12/7/15,2015-12,2015,4,37.65
12/8/15,2015-12,2015,4,37.51
12/9/15,2015-12,2015,4,37.16
12/10/15,2015-12,2015,4,36.76
12/11/15,2015-12,2015,4,35.62
12/14/15,2015-12,2015,4,36.31
12/15/15,2015-12,2015,4,37.35
12/16/15,2015-12,2015,4,35.52
12/17/15,2015-12,2015,4,34.95
12/18/15,2015-12,2015,4,34.73
12/21/15,2015-12,2015,4,34.74
12/22/15,2015-12,2015,4,36.14
12/23/15,2015-12,2015,4,37.5
12/24/15,2015-12,2015,4,38.1
12/28/15,2015-12,2015,4,36.81
12/29/15,2015-12,2015,4,37.87
12/30/15,2015-12,2015,4,36.6
12/31/15,2015-12,2015,4,37.04
1/4/16,2016-1,2016,1,36.76
1/5/16,2016-1,2016,1,35.97
1/6/16,2016-1,2016,1,33.97
1/7/16,2016-1,2016,1,33.27
1/8/16,2016-1,2016,1,33.16
1/11/16,2016-1,2016,1,31.41
1/12/16,2016-1,2016,1,30.44
1/13/16,2016-1,2016,1,30.48
1/14/16,2016-1,2016,1,31.2
1/15/16,2016-1,2016,1,29.42
1/19/16,2016-1,2016,1,28.46
1/20/16,2016-1,2016,1,26.55
1/21/16,2016-1,2016,1,29.53
1/22/16,2016-1,2016,1,32.19
1/25/16,2016-1,2016,1,30.34
1/26/16,2016-1,2016,1,31.45
1/27/16,2016-1,2016,1,32.3
1/28/16,2016-1,2016,1,33.22
1/29/16,2016-1,2016,1,33.62
2/1/16,2016-2,2016,1,31.62
2/2/16,2016-2,2016,1,29.88
2/3/16,2016-2,2016,1,32.28
2/4/16,2016-2,2016,1,31.72
2/5/16,2016-2,2016,1,30.89
2/8/16,2016-2,2016,1,29.69
2/9/16,2016-2,2016,1,27.94
2/10/16,2016-2,2016,1,27.45
2/11/16,2016-2,2016,1,26.21
2/12/16,2016-2,2016,1,29.44
2/16/16,2016-2,2016,1,29.04
2/17/16,2016-2,2016,1,30.66
2/18/16,2016-2,2016,1,30.77
2/19/16,2016-2,2016,1,29.64
2/22/16,2016-2,2016,1,31.48
2/23/16,2016-2,2016,1,31.87
2/24/16,2016-2,2016,1,32.15
2/25/16,2016-2,2016,1,33.07
2/26/16,2016-2,2016,1,32.78
2/29/16,2016-2,2016,1,33.75
3/1/16,2016-3,2016,1,34.4
3/2/16,2016-3,2016,1,34.66
3/3/16,2016-3,2016,1,34.57
3/4/16,2016-3,2016,1,35.92
3/7/16,2016-3,2016,1,37.9
3/8/16,2016-3,2016,1,36.5
3/9/16,2016-3,2016,1,38.29
3/10/16,2016-3,2016,1,37.84
3/11/16,2016-3,2016,1,38.5
3/14/16,2016-3,2016,1,37.18
3/15/16,2016-3,2016,1,36.34
3/16/16,2016-3,2016,1,38.46
3/17/16,2016-3,2016,1,40.2
3/18/16,2016-3,2016,1,39.44
3/21/16,2016-3,2016,1,39.91
3/22/16,2016-3,2016,1,41.45
3/23/16,2016-3,2016,1,39.79
3/24/16,2016-3,2016,1,39.46
3/28/16,2016-3,2016,1,39.39
3/29/16,2016-3,2016,1,38.28
3/30/16,2016-3,2016,1,38.32
3/31/16,2016-3,2016,1,38.34
4/1/16,2016-4,2016,2,36.79
4/4/16,2016-4,2016,2,35.7
4/5/16,2016-4,2016,2,35.89
4/6/16,2016-4,2016,2,37.75
4/7/16,2016-4,2016,2,37.26
4/8/16,2016-4,2016,2,39.72
4/11/16,2016-4,2016,2,40.36
4/12/16,2016-4,2016,2,42.17
4/13/16,2016-4,2016,2,41.76
4/14/16,2016-4,2016,2,41.5
4/15/16,2016-4,2016,2,40.36
4/18/16,2016-4,2016,2,39.78
4/19/16,2016-4,2016,2,41.08
4/20/16,2016-4,2016,2,42.63
4/21/16,2016-4,2016,2,43.18
4/22/16,2016-4,2016,2,43.73
4/24/16,2016-4,2016,2,43.15
4/25/16,2016-4,2016,2,42.64
4/26/16,2016-4,2016,2,44.04
4/27/16,2016-4,2016,2,45.33
4/28/16,2016-4,2016,2,46.03
4/29/16,2016-4,2016,2,45.92
5/1/16,2016-5,2016,2,45.48
5/2/16,2016-5,2016,2,44.78
5/3/16,2016-5,2016,2,43.65
5/4/16,2016-5,2016,2,43.78
5/5/16,2016-5,2016,2,44.32
5/6/16,2016-5,2016,2,44.66
5/8/16,2016-5,2016,2,45.44
5/9/16,2016-5,2016,2,43.44
5/10/16,2016-5,2016,2,44.66
5/11/16,2016-5,2016,2,46.23
5/12/16,2016-5,2016,2,46.7
5/13/16,2016-5,2016,2,46.21
5/15/16,2016-5,2016,2,46.8
5/16/16,2016-5,2016,2,47.72
5/17/16,2016-5,2016,2,48.31
5/18/16,2016-5,2016,2,48.19
5/19/16,2016-5,2016,2,48.16
5/20/16,2016-5,2016,2,47.75
5/22/16,2016-5,2016,2,48.14
5/23/16,2016-5,2016,2,48.08
5/24/16,2016-5,2016,2,48.62
5/25/16,2016-5,2016,2,49.56
5/26/16,2016-5,2016,2,49.48
5/27/16,2016-5,2016,2,49.33
5/30/16,2016-5,2016,2,49.6
5/31/16,2016-5,2016,2,49.1
6/1/16,2016-6,2016,2,49.01
6/2/16,2016-6,2016,2,49.17
6/3/16,2016-6,2016,2,48.62
6/6/16,2016-6,2016,2,49.69
6/7/16,2016-6,2016,2,50.36
6/8/16,2016-6,2016,2,51.23
6/9/16,2016-6,2016,2,50.56
6/10/16,2016-6,2016,2,49.07
6/13/16,2016-6,2016,2,48.88
6/14/16,2016-6,2016,2,48.49
6/15/16,2016-6,2016,2,48.01
6/16/16,2016-6,2016,2,46.21
6/17/16,2016-6,2016,2,47.98
6/20/16,2016-6,2016,2,49.37
6/21/16,2016-6,2016,2,48.85
6/22/16,2016-6,2016,2,49.13
6/23/16,2016-6,2016,2,50.11
6/24/16,2016-6,2016,2,47.64
6/27/16,2016-6,2016,2,46.33
6/28/16,2016-6,2016,2,47.85
6/29/16,2016-6,2016,2,49.88
6/30/16,2016-6,2016,2,48.33
7/1/16,2016-7,2016,3,48.99
7/4/16,2016-7,2016,3,48.76
7/5/16,2016-7,2016,3,46.6
7/6/16,2016-7,2016,3,47.43
7/7/16,2016-7,2016,3,45.14
7/8/16,2016-7,2016,3,45.41
7/11/16,2016-7,2016,3,44.76
7/12/16,2016-7,2016,3,46.8
7/13/16,2016-7,2016,3,44.75
7/14/16,2016-7,2016,3,45.68
7/15/16,2016-7,2016,3,45.95
7/18/16,2016-7,2016,3,45.24
7/19/16,2016-7,2016,3,44.65
7/20/16,2016-7,2016,3,44.94
7/21/16,2016-7,2016,3,44.75
7/22/16,2016-7,2016,3,44.19
7/25/16,2016-7,2016,3,43.13
7/26/16,2016-7,2016,3,42.92
7/27/16,2016-7,2016,3,41.92
7/28/16,2016-7,2016,3,41.14
7/29/16,2016-7,2016,3,41.6
8/1/16,2016-8,2016,3,40.06
8/2/16,2016-8,2016,3,39.51
8/3/16,2016-8,2016,3,40.83
8/4/16,2016-8,2016,3,41.93
8/5/16,2016-8,2016,3,41.8
8/8/16,2016-8,2016,3,43.02
8/9/16,2016-8,2016,3,42.77
8/10/16,2016-8,2016,3,41.71
8/11/16,2016-8,2016,3,43.49
8/12/16,2016-8,2016,3,44.49
8/15/16,2016-8,2016,3,45.74
8/16/16,2016-8,2016,3,46.58
8/17/16,2016-8,2016,3,46.79
8/18/16,2016-8,2016,3,48.22
8/19/16,2016-8,2016,3,48.52
8/22/16,2016-8,2016,3,47.05
8/23/16,2016-8,2016,3,48.1
8/24/16,2016-8,2016,3,46.77
8/25/16,2016-8,2016,3,47.33
8/26/16,2016-8,2016,3,47.64
8/29/16,2016-8,2016,3,46.98
8/30/16,2016-8,2016,3,46.35
8/31/16,2016-8,2016,3,44.7
9/1/16,2016-9,2016,3,43.16
9/2/16,2016-9,2016,3,44.44
9/5/16,2016-9,2016,3,45.17
9/6/16,2016-9,2016,3,44.83
9/7/16,2016-9,2016,3,45.5
9/8/16,2016-9,2016,3,47.62
9/9/16,2016-9,2016,3,45.88
9/12/16,2016-9,2016,3,46.29
9/13/16,2016-9,2016,3,44.9
9/14/16,2016-9,2016,3,43.58
9/15/16,2016-9,2016,3,43.91
9/16/16,2016-9,2016,3,43.03
9/19/16,2016-9,2016,3,43.3
9/20/16,2016-9,2016,3,43.44
9/21/16,2016-9,2016,3,45.34
9/22/16,2016-9,2016,3,46.32
9/23/16,2016-9,2016,3,44.48
9/26/16,2016-9,2016,3,45.93
9/27/16,2016-9,2016,3,44.67
9/28/16,2016-9,2016,3,47.05
9/29/16,2016-9,2016,3,47.83
9/30/16,2016-9,2016,3,48.24
10/3/16,2016-10,2016,4,48.81
10/4/16,2016-10,2016,4,48.69
10/5/16,2016-10,2016,4,49.83
10/6/16,2016-10,2016,4,50.44
10/7/16,2016-10,2016,4,49.81
10/10/16,2016-10,2016,4,51.35
10/11/16,2016-10,2016,4,50.79
10/12/16,2016-10,2016,4,50.18
10/13/16,2016-10,2016,4,50.44
10/14/16,2016-10,2016,4,50.35
10/17/16,2016-10,2016,4,49.94
10/18/16,2016-10,2016,4,50.29
10/19/16,2016-10,2016,4,51.6
10/20/16,2016-10,2016,4,50.43
10/21/16,2016-10,2016,4,50.85
10/24/16,2016-10,2016,4,50.52
10/25/16,2016-10,2016,4,49.96
10/26/16,2016-10,2016,4,49.18
10/27/16,2016-10,2016,4,49.72
10/28/16,2016-10,2016,4,48.7
10/31/16,2016-10,2016,4,46.86
11/1/16,2016-11,2016,4,46.67
11/2/16,2016-11,2016,4,45.34
11/3/16,2016-11,2016,4,44.66
11/4/16,2016-11,2016,4,44.07
11/7/16,2016-11,2016,4,44.89
11/8/16,2016-11,2016,4,44.98
11/9/16,2016-11,2016,4,45.27
11/10/16,2016-11,2016,4,44.66
11/11/16,2016-11,2016,4,43.41
11/14/16,2016-11,2016,4,43.32
11/15/16,2016-11,2016,4,45.81
11/16/16,2016-11,2016,4,45.57
11/17/16,2016-11,2016,4,45.42
11/18/16,2016-11,2016,4,45.69
11/21/16,2016-11,2016,4,47.49
11/22/16,2016-11,2016,4,48.03
11/23/16,2016-11,2016,4,47.96
11/24/16,2016-11,2016,4,47.98
11/25/16,2016-11,2016,4,46.06
11/28/16,2016-11,2016,4,47.08
11/29/16,2016-11,2016,4,45.23
11/30/16,2016-11,2016,4,49.44
12/1/16,2016-12,2016,4,51.06
12/2/16,2016-12,2016,4,51.68
12/5/16,2016-12,2016,4,51.79
12/6/16,2016-12,2016,4,50.93
12/7/16,2016-12,2016,4,49.77
12/8/16,2016-12,2016,4,50.84
12/9/16,2016-12,2016,4,51.5
12/12/16,2016-12,2016,4,52.83
12/13/16,2016-12,2016,4,52.98
12/14/16,2016-12,2016,4,51.04
12/15/16,2016-12,2016,4,50.9
12/16/16,2016-12,2016,4,51.9
12/19/16,2016-12,2016,4,52.12
12/20/16,2016-12,2016,4,52.23
12/21/16,2016-12,2016,4,52.49
12/22/16,2016-12,2016,4,52.95
12/23/16,2016-12,2016,4,53.02
12/27/16,2016-12,2016,4,53.9
12/28/16,2016-12,2016,4,54.06
12/29/16,2016-12,2016,4,53.77
12/30/16,2016-12,2016,4,53.72
1/3/17,2017-1,2017,1,52.33
1/4/17,2017-1,2017,1,53.26
1/5/17,2017-1,2017,1,53.76
1/6/17,2017-1,2017,1,53.99
1/9/17,2017-1,2017,1,51.96
1/10/17,2017-1,2017,1,50.82
1/11/17,2017-1,2017,1,52.25
1/12/17,2017-1,2017,1,53.01
1/13/17,2017-1,2017,1,52.37
1/16/17,2017-1,2017,1,52.64
1/17/17,2017-1,2017,1,52.48
1/18/17,2017-1,2017,1,51.08
1/19/17,2017-1,2017,1,51.37
1/20/17,2017-1,2017,1,52.42
1/23/17,2017-1,2017,1,52.75
1/24/17,2017-1,2017,1,53.18
1/25/17,2017-1,2017,1,52.75
1/26/17,2017-1,2017,1,53.78
1/27/17,2017-1,2017,1,53.17
1/30/17,2017-1,2017,1,52.63
1/31/17,2017-1,2017,1,52.81
2/1/17,2017-2,2017,1,53.88
2/2/17,2017-2,2017,1,53.54
2/3/17,2017-2,2017,1,53.83
2/6/17,2017-2,2017,1,53.01
2/7/17,2017-2,2017,1,52.17
2/8/17,2017-2,2017,1,52.34
2/9/17,2017-2,2017,1,53
2/10/17,2017-2,2017,1,53.86
2/13/17,2017-2,2017,1,52.93
2/14/17,2017-2,2017,1,53.2
2/15/17,2017-2,2017,1,53.11
2/16/17,2017-2,2017,1,53.36
2/17/17,2017-2,2017,1,53.4
2/20/17,2017-2,2017,1,53.69
2/21/17,2017-2,2017,1,54.06
2/22/17,2017-2,2017,1,53.59
2/23/17,2017-2,2017,1,54.45
2/24/17,2017-2,2017,1,53.99
2/27/17,2017-2,2017,1,54.05
2/28/17,2017-2,2017,1,54.01
3/1/17,2017-3,2017,1,53.83
3/2/17,2017-3,2017,1,52.61
3/3/17,2017-3,2017,1,53.33
3/6/17,2017-3,2017,1,53.2
3/7/17,2017-3,2017,1,53.14
3/8/17,2017-3,2017,1,50.28
3/9/17,2017-3,2017,1,49.28
3/10/17,2017-3,2017,1,48.49
3/13/17,2017-3,2017,1,48.4
3/14/17,2017-3,2017,1,47.72
3/15/17,2017-3,2017,1,48.86
3/16/17,2017-3,2017,1,48.75
3/17/17,2017-3,2017,1,48.78
3/20/17,2017-3,2017,1,48.22
3/21/17,2017-3,2017,1,47.34
3/22/17,2017-3,2017,1,48.04
3/23/17,2017-3,2017,1,47.7
3/24/17,2017-3,2017,1,47.97
3/27/17,2017-3,2017,1,47.73
3/28/17,2017-3,2017,1,48.37
3/29/17,2017-3,2017,1,49.51
3/30/17,2017-3,2017,1,50.35
3/31/17,2017-3,2017,1,50.6
4/3/17,2017-4,2017,2,50.24
4/4/17,2017-4,2017,2,51.03
4/5/17,2017-4,2017,2,51.15
4/6/17,2017-4,2017,2,51.7
4/7/17,2017-4,2017,2,52.24
4/10/17,2017-4,2017,2,53.08
4/11/17,2017-4,2017,2,53.4
4/12/17,2017-4,2017,2,53.11
4/13/17,2017-4,2017,2,53.18
4/17/17,2017-4,2017,2,52.65
4/18/17,2017-4,2017,2,52.41
4/19/17,2017-4,2017,2,50.44
4/20/17,2017-4,2017,2,50.27
4/21/17,2017-4,2017,2,49.62
4/24/17,2017-4,2017,2,49.23
4/25/17,2017-4,2017,2,49.56
4/26/17,2017-4,2017,2,49.62
4/27/17,2017-4,2017,2,48.97
4/28/17,2017-4,2017,2,49.33
5/1/17,2017-5,2017,2,48.84
5/2/17,2017-5,2017,2,47.66
5/3/17,2017-5,2017,2,47.82
5/4/17,2017-5,2017,2,45.52
5/5/17,2017-5,2017,2,46.22
5/8/17,2017-5,2017,2,46.43
5/9/17,2017-5,2017,2,45.88
5/10/17,2017-5,2017,2,47.33
5/11/17,2017-5,2017,2,47.83
5/12/17,2017-5,2017,2,47.84
5/15/17,2017-5,2017,2,48.85
5/16/17,2017-5,2017,2,48.66
5/17/17,2017-5,2017,2,49.07
5/18/17,2017-5,2017,2,49.35
5/19/17,2017-5,2017,2,50.33
5/22/17,2017-5,2017,2,50.73
5/23/17,2017-5,2017,2,51.47
5/24/17,2017-5,2017,2,51.36
5/25/17,2017-5,2017,2,48.9
5/26/17,2017-5,2017,2,49.8
5/29/17,2017-5,2017,2,49.99
5/30/17,2017-5,2017,2,49.66
5/31/17,2017-5,2017,2,48.32
6/1/17,2017-6,2017,2,48.36
6/2/17,2017-6,2017,2,47.66
6/5/17,2017-6,2017,2,47.4
6/6/17,2017-6,2017,2,48.19
6/7/17,2017-6,2017,2,45.72
6/8/17,2017-6,2017,2,45.64
6/9/17,2017-6,2017,2,45.83
6/12/17,2017-6,2017,2,46.08
6/13/17,2017-6,2017,2,46.46
6/14/17,2017-6,2017,2,44.73
6/15/17,2017-6,2017,2,44.46
6/16/17,2017-6,2017,2,44.74
6/19/17,2017-6,2017,2,44.2
6/20/17,2017-6,2017,2,43.23
6/21/17,2017-6,2017,2,42.53
6/22/17,2017-6,2017,2,42.74
6/23/17,2017-6,2017,2,43.01
6/26/17,2017-6,2017,2,43.38
6/27/17,2017-6,2017,2,44.24
6/28/17,2017-6,2017,2,44.74
6/29/17,2017-6,2017,2,44.93
6/30/17,2017-6,2017,2,46.04
7/3/17,2017-7,2017,3,47.07
7/4/17,2017-7,2017,3,47.08
7/5/17,2017-7,2017,3,45.13
7/6/17,2017-7,2017,3,45.52
7/7/17,2017-7,2017,3,44.23
7/10/17,2017-7,2017,3,44.4
7/11/17,2017-7,2017,3,45.04
7/12/17,2017-7,2017,3,45.49
7/13/17,2017-7,2017,3,46.08
7/14/17,2017-7,2017,3,46.54
7/17/17,2017-7,2017,3,46.02
7/18/17,2017-7,2017,3,46.4
7/19/17,2017-7,2017,3,47.12
7/20/17,2017-7,2017,3,46.79
7/21/17,2017-7,2017,3,45.77
7/24/17,2017-7,2017,3,46.34
7/25/17,2017-7,2017,3,47.89
7/26/17,2017-7,2017,3,48.75
7/27/17,2017-7,2017,3,49.04
7/28/17,2017-7,2017,3,49.71
7/31/17,2017-7,2017,3,50.17
8/1/17,2017-8,2017,3,49.16
8/2/17,2017-8,2017,3,49.59
8/3/17,2017-8,2017,3,49.03
8/4/17,2017-8,2017,3,49.58
8/7/17,2017-8,2017,3,49.39
8/8/17,2017-8,2017,3,49.17
8/9/17,2017-8,2017,3,49.56
8/10/17,2017-8,2017,3,48.59
8/11/17,2017-8,2017,3,48.82
8/14/17,2017-8,2017,3,47.59
8/15/17,2017-8,2017,3,47.55
8/16/17,2017-8,2017,3,46.78
8/17/17,2017-8,2017,3,47.09
8/18/17,2017-8,2017,3,48.51
8/21/17,2017-8,2017,3,47.37
8/22/17,2017-8,2017,3,47.64
8/23/17,2017-8,2017,3,48.41
8/24/17,2017-8,2017,3,47.43
8/25/17,2017-8,2017,3,47.87
8/28/17,2017-8,2017,3,46.57
8/29/17,2017-8,2017,3,46.44
8/30/17,2017-8,2017,3,45.96
8/31/17,2017-8,2017,3,47.23
9/1/17,2017-9,2017,3,47.29
9/4/17,2017-9,2017,3,47.37
9/5/17,2017-9,2017,3,48.66
9/6/17,2017-9,2017,3,49.16
9/7/17,2017-9,2017,3,49.09
9/8/17,2017-9,2017,3,47.48
9/11/17,2017-9,2017,3,48.07
9/12/17,2017-9,2017,3,48.23
9/13/17,2017-9,2017,3,49.3
9/14/17,2017-9,2017,3,49.89
9/15/17,2017-9,2017,3,49.89
9/18/17,2017-9,2017,3,49.91
9/19/17,2017-9,2017,3,49.48
9/20/17,2017-9,2017,3,50.41
9/21/17,2017-9,2017,3,50.55
9/22/17,2017-9,2017,3,50.66
9/25/17,2017-9,2017,3,52.22
9/26/17,2017-9,2017,3,51.88
9/27/17,2017-9,2017,3,52.14
9/28/17,2017-9,2017,3,51.56
9/29/17,2017-9,2017,3,51.67
10/2/17,2017-10,2017,4,50.58
10/3/17,2017-10,2017,4,50.42
10/4/17,2017-10,2017,4,49.98
10/5/17,2017-10,2017,4,50.79
10/6/17,2017-10,2017,4,49.29
10/9/17,2017-10,2017,4,49.58
10/10/17,2017-10,2017,4,50.92
10/11/17,2017-10,2017,4,51.3
10/12/17,2017-10,2017,4,50.6
10/13/17,2017-10,2017,4,51.45
10/16/17,2017-10,2017,4,51.87
10/17/17,2017-10,2017,4,51.88
10/18/17,2017-10,2017,4,52.04
10/19/17,2017-10,2017,4,51.29
10/20/17,2017-10,2017,4,51.47
10/23/17,2017-10,2017,4,51.9
10/24/17,2017-10,2017,4,52.47
10/25/17,2017-10,2017,4,52.18
10/26/17,2017-10,2017,4,52.64
10/27/17,2017-10,2017,4,53.9
10/30/17,2017-10,2017,4,54.15
10/31/17,2017-10,2017,4,54.38
11/1/17,2017-11,2017,4,54.3
11/2/17,2017-11,2017,4,54.54
11/3/17,2017-11,2017,4,55.64
11/6/17,2017-11,2017,4,57.35
11/7/17,2017-11,2017,4,57.2
11/8/17,2017-11,2017,4,56.81
11/9/17,2017-11,2017,4,57.17
11/10/17,2017-11,2017,4,56.74
11/13/17,2017-11,2017,4,56.76
11/14/17,2017-11,2017,4,55.7
11/15/17,2017-11,2017,4,55.368
11/16/17,2017-11,2017,4,55.224
11/17/17,2017-11,2017,4,56.646
11/20/17,2017-11,2017,4,56.354
11/21/17,2017-11,2017,4,56.83
11/22/17,2017-11,2017,4,58.02
11/24/17,2017-11,2017,4,58.95
11/27/17,2017-11,2017,4,58.11
11/28/17,2017-11,2017,4,57.99
11/29/17,2017-11,2017,4,57.3
11/30/17,2017-11,2017,4,57.4
12/1/17,2017-12,2017,4,58.36
12/4/17,2017-12,2017,4,57.47
12/5/17,2017-12,2017,4,57.62
12/6/17,2017-12,2017,4,55.96
12/7/17,2017-12,2017,4,56.69
12/8/17,2017-12,2017,4,57.36
12/11/17,2017-12,2017,4,57.99
12/12/17,2017-12,2017,4,57.14
12/13/17,2017-12,2017,4,56.6
12/14/17,2017-12,2017,4,57.048
12/15/17,2017-12,2017,4,57.312
12/18/17,2017-12,2017,4,57.196
12/19/17,2017-12,2017,4,57.54
12/20/17,2017-12,2017,4,58.09
12/21/17,2017-12,2017,4,58.36
12/22/17,2017-12,2017,4,58.47
12/26/17,2017-12,2017,4,59.97
12/27/17,2017-12,2017,4,59.64
12/28/17,2017-12,2017,4,59.84
12/29/17,2017-12,2017,4,60.42
1/2/18,2018-1,2018,1,60.37
1/3/18,2018-1,2018,1,61.63
1/4/18,2018-1,2018,1,62.01
1/5/18,2018-1,2018,1,61.44
1/8/18,2018-1,2018,1,61.73
1/9/18,2018-1,2018,1,62.96
1/10/18,2018-1,2018,1,63.57
1/11/18,2018-1,2018,1,63.8
1/12/18,2018-1,2018,1,64.3
1/16/18,2018-1,2018,1,63.73
1/17/18,2018-1,2018,1,63.96
1/18/18,2018-1,2018,1,63.926
1/19/18,2018-1,2018,1,63.334
1/22/18,2018-1,2018,1,63.554
1/23/18,2018-1,2018,1,64.47
1/24/18,2018-1,2018,1,65.61
1/25/18,2018-1,2018,1,65.51
1/26/18,2018-1,2018,1,66.14
1/29/18,2018-1,2018,1,65.56
1/30/18,2018-1,2018,1,64.5
1/31/18,2018-1,2018,1,64.73
2/1/18,2018-2,2018,1,65.8
2/2/18,2018-2,2018,1,65.45
2/5/18,2018-2,2018,1,64.15
2/6/18,2018-2,2018,1,63.39
2/7/18,2018-2,2018,1,61.79
2/8/18,2018-2,2018,1,61.15
2/9/18,2018-2,2018,1,59.2
2/12/18,2018-2,2018,1,59.29
2/13/18,2018-2,2018,1,59.19
2/14/18,2018-2,2018,1,60.582
2/15/18,2018-2,2018,1,61.272
2/16/18,2018-2,2018,1,61.602
2/20/18,2018-2,2018,1,61.812
2/21/18,2018-2,2018,1,61.68
2/22/18,2018-2,2018,1,62.77
2/23/18,2018-2,2018,1,63.55
2/26/18,2018-2,2018,1,63.91
2/27/18,2018-2,2018,1,63.01
2/28/18,2018-2,2018,1,61.64
3/1/18,2018-3,2018,1,60.99
3/2/18,2018-3,2018,1,61.25
3/5/18,2018-3,2018,1,62.57
3/6/18,2018-3,2018,1,62.6
3/7/18,2018-3,2018,1,61.15
3/8/18,2018-3,2018,1,60.12
3/9/18,2018-3,2018,1,62.04
3/12/18,2018-3,2018,1,61.36
3/13/18,2018-3,2018,1,60.71
3/14/18,2018-3,2018,1,60.96
3/15/18,2018-3,2018,1,61.202
3/16/18,2018-3,2018,1,62.368
3/19/18,2018-3,2018,1,62.102
3/20/18,2018-3,2018,1,63.512
3/21/18,2018-3,2018,1,65.17
3/22/18,2018-3,2018,1,64.3
3/23/18,2018-3,2018,1,65.88
3/26/18,2018-3,2018,1,65.55
3/27/18,2018-3,2018,1,65.25
3/28/18,2018-3,2018,1,64.38
3/29/18,2018-3,2018,1,64.94
4/2/18,2018-4,2018,2,63.01
4/3/18,2018-4,2018,2,63.51
4/4/18,2018-4,2018,2,63.37
4/5/18,2018-4,2018,2,63.54
4/6/18,2018-4,2018,2,62.06
4/9/18,2018-4,2018,2,63.42
4/10/18,2018-4,2018,2,65.51
4/11/18,2018-4,2018,2,66.82
4/12/18,2018-4,2018,2,67.07
4/13/18,2018-4,2018,2,67.39
4/16/18,2018-4,2018,2,66.22
4/17/18,2018-4,2018,2,66.518
4/18/18,2018-4,2018,2,68.47
4/19/18,2018-4,2018,2,68.314
4/20/18,2018-4,2018,2,68.396
4/23/18,2018-4,2018,2,68.64
4/24/18,2018-4,2018,2,67.7
4/25/18,2018-4,2018,2,68.05
4/26/18,2018-4,2018,2,68.19
4/27/18,2018-4,2018,2,68.1
4/30/18,2018-4,2018,2,68.57
5/1/18,2018-5,2018,2,67.25
5/2/18,2018-5,2018,2,67.93
5/3/18,2018-5,2018,2,68.43
5/4/18,2018-5,2018,2,69.72
5/7/18,2018-5,2018,2,70.73
5/8/18,2018-5,2018,2,69.06
5/9/18,2018-5,2018,2,71.14
5/10/18,2018-5,2018,2,71.36
5/11/18,2018-5,2018,2,70.7
5/14/18,2018-5,2018,2,70.96
5/15/18,2018-5,2018,2,71.31
5/16/18,2018-5,2018,2,71.49
5/17/18,2018-5,2018,2,71.506
5/18/18,2018-5,2018,2,71.316
5/21/18,2018-5,2018,2,72.306
5/22/18,2018-5,2018,2,72.186
5/23/18,2018-5,2018,2,71.84
5/24/18,2018-5,2018,2,70.71
5/25/18,2018-5,2018,2,67.88
5/29/18,2018-5,2018,2,66.73
5/30/18,2018-5,2018,2,68.21
5/31/18,2018-5,2018,2,67.04
6/1/18,2018-6,2018,2,65.81
6/4/18,2018-6,2018,2,64.75
6/5/18,2018-6,2018,2,65.52
6/6/18,2018-6,2018,2,64.73
6/7/18,2018-6,2018,2,65.95
6/8/18,2018-6,2018,2,65.74
6/11/18,2018-6,2018,2,66.1
6/12/18,2018-6,2018,2,66.36
6/13/18,2018-6,2018,2,66.64
6/14/18,2018-6,2018,2,66.89
6/15/18,2018-6,2018,2,65.018
6/18/18,2018-6,2018,2,65.786
6/19/18,2018-6,2018,2,64.968
6/20/18,2018-6,2018,2,65.812
6/21/18,2018-6,2018,2,65.54
6/22/18,2018-6,2018,2,68.58
6/25/18,2018-6,2018,2,68.08
6/26/18,2018-6,2018,2,70.53
6/27/18,2018-6,2018,2,72.76
6/28/18,2018-6,2018,2,73.45
6/29/18,2018-6,2018,2,74.15
7/2/18,2018-7,2018,3,73.94
7/3/18,2018-7,2018,3,74.14
7/5/18,2018-7,2018,3,72.94
7/6/18,2018-7,2018,3,73.8
7/9/18,2018-7,2018,3,73.85
7/10/18,2018-7,2018,3,74.11
7/11/18,2018-7,2018,3,70.38
7/12/18,2018-7,2018,3,70.33
7/13/18,2018-7,2018,3,71.01
7/16/18,2018-7,2018,3,68.06
7/17/18,2018-7,2018,3,67.896
7/18/18,2018-7,2018,3,68.356
7/19/18,2018-7,2018,3,68.728
7/20/18,2018-7,2018,3,68.7
7/23/18,2018-7,2018,3,67.89
7/24/18,2018-7,2018,3,68.52
7/25/18,2018-7,2018,3,69.3
7/26/18,2018-7,2018,3,69.61
7/27/18,2018-7,2018,3,68.69
7/30/18,2018-7,2018,3,70.13
7/31/18,2018-7,2018,3,68.76
8/1/18,2018-8,2018,3,67.66
8/2/18,2018-8,2018,3,68.96
8/3/18,2018-8,2018,3,68.49
8/6/18,2018-8,2018,3,69.01
8/7/18,2018-8,2018,3,69.17
8/8/18,2018-8,2018,3,66.94
8/9/18,2018-8,2018,3,66.81
8/10/18,2018-8,2018,3,67.63
8/13/18,2018-8,2018,3,67.2
8/14/18,2018-8,2018,3,67.04
8/15/18,2018-8,2018,3,65.01
8/16/18,2018-8,2018,3,65.344
8/17/18,2018-8,2018,3,65.63
8/20/18,2018-8,2018,3,65.824
8/21/18,2018-8,2018,3,66.142
8/22/18,2018-8,2018,3,67.86
8/23/18,2018-8,2018,3,67.83
8/24/18,2018-8,2018,3,68.72
8/27/18,2018-8,2018,3,68.87
8/28/18,2018-8,2018,3,68.53
8/29/18,2018-8,2018,3,69.51
8/30/18,2018-8,2018,3,70.25
8/31/18,2018-8,2018,3,69.8
9/3/18,2018-9,2018,3,70.25
9/4/18,2018-9,2018,3,69.87
9/5/18,2018-9,2018,3,68.72
9/6/18,2018-9,2018,3,67.77
9/7/18,2018-9,2018,3,67.75
9/10/18,2018-9,2018,3,67.54
9/11/18,2018-9,2018,3,69.25
9/12/18,2018-9,2018,3,70.37
9/13/18,2018-9,2018,3,68.59
9/14/18,2018-9,2018,3,68.99
9/17/18,2018-9,2018,3,68.864
9/18/18,2018-9,2018,3,69.746
9/19/18,2018-9,2018,3,70.91
9/20/18,2018-9,2018,3,70.416
9/21/18,2018-9,2018,3,70.78
9/24/18,2018-9,2018,3,72.08
9/25/18,2018-9,2018,3,72.28
9/26/18,2018-9,2018,3,71.57
9/27/18,2018-9,2018,3,72.12
9/28/18,2018-9,2018,3,73.25
10/1/18,2018-10,2018,4,75.3
10/2/18,2018-10,2018,4,75.23
10/3/18,2018-10,2018,4,76.41
10/4/18,2018-10,2018,4,74.33
10/5/18,2018-10,2018,4,74.34
10/8/18,2018-10,2018,4,74.29
10/9/18,2018-10,2018,4,74.96
10/10/18,2018-10,2018,4,73.17
10/11/18,2018-10,2018,4,70.97
10/12/18,2018-10,2018,4,71.34
10/15/18,2018-10,2018,4,71.78
10/16/18,2018-10,2018,4,71.92
10/17/18,2018-10,2018,4,69.74
10/18/18,2018-10,2018,4,68.674
10/19/18,2018-10,2018,4,69.216
10/22/18,2018-10,2018,4,69.322
10/23/18,2018-10,2018,4,66.43
10/24/18,2018-10,2018,4,66.82
10/25/18,2018-10,2018,4,67.33
10/26/18,2018-10,2018,4,67.59
10/29/18,2018-10,2018,4,67.04
10/30/18,2018-10,2018,4,66.18
10/31/18,2018-10,2018,4,65.31
11/1/18,2018-11,2018,4,63.69
11/2/18,2018-11,2018,4,63.14
11/5/18,2018-11,2018,4,63.1
11/6/18,2018-11,2018,4,62.21
11/7/18,2018-11,2018,4,61.67
11/8/18,2018-11,2018,4,60.67
11/9/18,2018-11,2018,4,60.19
11/12/18,2018-11,2018,4,59.93
11/13/18,2018-11,2018,4,55.69
11/14/18,2018-11,2018,4,56.288
11/15/18,2018-11,2018,4,56.548
11/16/18,2018-11,2018,4,56.592
11/19/18,2018-11,2018,4,57.112
11/20/18,2018-11,2018,4,53.43
11/21/18,2018-11,2018,4,54.63
11/23/18,2018-11,2018,4,50.42
11/26/18,2018-11,2018,4,51.63
11/27/18,2018-11,2018,4,51.56
11/28/18,2018-11,2018,4,50.29
11/29/18,2018-11,2018,4,51.45
11/30/18,2018-11,2018,4,50.93
12/3/18,2018-12,2018,4,52.95
12/4/18,2018-12,2018,4,53.25
12/5/18,2018-12,2018,4,52.89
12/6/18,2018-12,2018,4,51.49
12/7/18,2018-12,2018,4,52.61
12/10/18,2018-12,2018,4,51
12/11/18,2018-12,2018,4,51.65
12/12/18,2018-12,2018,4,51.15
12/13/18,2018-12,2018,4,52.58
12/14/18,2018-12,2018,4,51.254
12/17/18,2018-12,2018,4,50.008
12/18/18,2018-12,2018,4,46.456
12/19/18,2018-12,2018,4,47.976
12/20/18,2018-12,2018,4,45.88
12/21/18,2018-12,2018,4,45.59
12/24/18,2018-12,2018,4,42.53
12/26/18,2018-12,2018,4,46.22
12/27/18,2018-12,2018,4,44.61
12/28/18,2018-12,2018,4,45.33
12/31/18,2018-12,2018,4,45.41
1/2/19,2019-1,2019,1,46.54
1/3/19,2019-1,2019,1,47.09
1/4/19,2019-1,2019,1,47.96
1/7/19,2019-1,2019,1,48.52
1/8/19,2019-1,2019,1,49.78
1/9/19,2019-1,2019,1,52.36
1/10/19,2019-1,2019,1,52.59
1/11/19,2019-1,2019,1,51.59
1/14/19,2019-1,2019,1,50.51
1/15/19,2019-1,2019,1,52.11
1/16/19,2019-1,2019,1,52.37
1/17/19,2019-1,2019,1,52.186
1/18/19,2019-1,2019,1,53.944
1/22/19,2019-1,2019,1,52.922
1/23/19,2019-1,2019,1,52.62
1/24/19,2019-1,2019,1,53.13
1/25/19,2019-1,2019,1,53.69
1/28/19,2019-1,2019,1,51.99
1/29/19,2019-1,2019,1,53.31
1/30/19,2019-1,2019,1,54.23
1/31/19,2019-1,2019,1,53.79
2/1/19,2019-2,2019,1,55.26
2/4/19,2019-2,2019,1,54.56
2/5/19,2019-2,2019,1,53.66
2/6/19,2019-2,2019,1,54.01
2/7/19,2019-2,2019,1,52.64
2/8/19,2019-2,2019,1,52.72
2/11/19,2019-2,2019,1,52.41
2/12/19,2019-2,2019,1,53.1
2/13/19,2019-2,2019,1,53.9
2/14/19,2019-2,2019,1,54.486
2/15/19,2019-2,2019,1,55.746
2/19/19,2019-2,2019,1,56.306
2/20/19,2019-2,2019,1,57.112
2/21/19,2019-2,2019,1,56.96
2/22/19,2019-2,2019,1,57.26
2/25/19,2019-2,2019,1,55.48
2/26/19,2019-2,2019,1,55.5
2/27/19,2019-2,2019,1,56.94
2/28/19,2019-2,2019,1,57.22
3/1/19,2019-3,2019,1,55.8
3/4/19,2019-3,2019,1,56.59
3/5/19,2019-3,2019,1,56.56
3/6/19,2019-3,2019,1,56.22
3/7/19,2019-3,2019,1,56.66
3/8/19,2019-3,2019,1,56.07
3/11/19,2019-3,2019,1,56.79
3/12/19,2019-3,2019,1,56.87
3/13/19,2019-3,2019,1,58.26
3/14/19,2019-3,2019,1,58.61
3/15/19,2019-3,2019,1,58.58
3/18/19,2019-3,2019,1,59.206
3/19/19,2019-3,2019,1,59.186
3/20/19,2019-3,2019,1,60.15
3/21/19,2019-3,2019,1,59.98
3/22/19,2019-3,2019,1,59.04
3/25/19,2019-3,2019,1,58.82
3/26/19,2019-3,2019,1,59.94
3/27/19,2019-3,2019,1,59.41
3/28/19,2019-3,2019,1,59.3
3/29/19,2019-3,2019,1,60.14
4/1/19,2019-4,2019,2,61.59
4/2/19,2019-4,2019,2,62.58
4/3/19,2019-4,2019,2,62.46
4/4/19,2019-4,2019,2,62.1
4/5/19,2019-4,2019,2,63.08
4/8/19,2019-4,2019,2,64.4
4/9/19,2019-4,2019,2,63.98
4/10/19,2019-4,2019,2,64.61
4/11/19,2019-4,2019,2,63.58
4/12/19,2019-4,2019,2,63.89
4/15/19,2019-4,2019,2,63.4
4/16/19,2019-4,2019,2,64.078
4/17/19,2019-4,2019,2,63.804
4/18/19,2019-4,2019,2,64.042
4/22/19,2019-4,2019,2,65.58
4/23/19,2019-4,2019,2,66.3
4/24/19,2019-4,2019,2,65.89
4/25/19,2019-4,2019,2,65.21
4/26/19,2019-4,2019,2,63.3
4/29/19,2019-4,2019,2,63.5
4/30/19,2019-4,2019,2,63.91
5/1/19,2019-5,2019,2,63.6
5/2/19,2019-5,2019,2,61.81
5/3/19,2019-5,2019,2,61.94
5/6/19,2019-5,2019,2,62.25
5/7/19,2019-5,2019,2,61.4
5/8/19,2019-5,2019,2,62.12
5/9/19,2019-5,2019,2,61.7
5/10/19,2019-5,2019,2,61.66
5/13/19,2019-5,2019,2,61.04
5/14/19,2019-5,2019,2,61.78
5/15/19,2019-5,2019,2,62.02
5/16/19,2019-5,2019,2,62.908
5/17/19,2019-5,2019,2,62.824
5/20/19,2019-5,2019,2,63.166
5/21/19,2019-5,2019,2,63.102
5/22/19,2019-5,2019,2,61.42
5/23/19,2019-5,2019,2,57.91
5/24/19,2019-5,2019,2,58.63
5/28/19,2019-5,2019,2,59.14
5/29/19,2019-5,2019,2,58.81
5/30/19,2019-5,2019,2,56.59
5/31/19,2019-5,2019,2,53.5
6/3/19,2019-6,2019,2,53.25
6/4/19,2019-6,2019,2,53.48
6/5/19,2019-6,2019,2,51.68
6/6/19,2019-6,2019,2,52.59
6/7/19,2019-6,2019,2,53.99
6/10/19,2019-6,2019,2,53.26
6/11/19,2019-6,2019,2,53.27
6/12/19,2019-6,2019,2,51.14
6/13/19,2019-6,2019,2,52.28
6/14/19,2019-6,2019,2,52.51
6/17/19,2019-6,2019,2,51.978
6/18/19,2019-6,2019,2,53.984
6/19/19,2019-6,2019,2,53.886
6/20/19,2019-6,2019,2,56.986
6/21/19,2019-6,2019,2,57.43
6/24/19,2019-6,2019,2,57.9
6/25/19,2019-6,2019,2,57.83
6/26/19,2019-6,2019,2,59.38
6/27/19,2019-6,2019,2,59.43
6/28/19,2019-6,2019,2,58.47
7/1/19,2019-7,2019,3,59.09
7/2/19,2019-7,2019,3,56.25
7/3/19,2019-7,2019,3,57.34
7/5/19,2019-7,2019,3,57.51
7/8/19,2019-7,2019,3,57.66
7/9/19,2019-7,2019,3,57.83
7/10/19,2019-7,2019,3,60.43
7/11/19,2019-7,2019,3,60.2
7/12/19,2019-7,2019,3,60.21
7/15/19,2019-7,2019,3,59.58
7/16/19,2019-7,2019,3,57.62
7/17/19,2019-7,2019,3,56.808
7/18/19,2019-7,2019,3,55.348
7/19/19,2019-7,2019,3,55.708
7/22/19,2019-7,2019,3,56.22
7/23/19,2019-7,2019,3,56.77
7/24/19,2019-7,2019,3,55.88
7/25/19,2019-7,2019,3,56.02
7/26/19,2019-7,2019,3,56.2
7/29/19,2019-7,2019,3,56.87
7/30/19,2019-7,2019,3,58.05
7/31/19,2019-7,2019,3,58.58
8/1/19,2019-8,2019,3,53.95
8/2/19,2019-8,2019,3,55.66
8/5/19,2019-8,2019,3,54.69
8/6/19,2019-8,2019,3,53.63
8/7/19,2019-8,2019,3,51.09
8/8/19,2019-8,2019,3,52.54
8/9/19,2019-8,2019,3,54.5
8/12/19,2019-8,2019,3,54.93
8/13/19,2019-8,2019,3,57.1
8/14/19,2019-8,2019,3,55.23
8/15/19,2019-8,2019,3,54.46
8/16/19,2019-8,2019,3,54.846
8/19/19,2019-8,2019,3,56.168
8/20/19,2019-8,2019,3,56.172
8/21/19,2019-8,2019,3,55.68
8/22/19,2019-8,2019,3,55.35
8/23/19,2019-8,2019,3,54.17
8/26/19,2019-8,2019,3,53.64
8/27/19,2019-8,2019,3,54.93
8/28/19,2019-8,2019,3,55.78
8/29/19,2019-8,2019,3,56.71
8/30/19,2019-8,2019,3,55.1
9/3/19,2019-9,2019,3,53.94
9/4/19,2019-9,2019,3,56.26
9/5/19,2019-9,2019,3,56.3
9/6/19,2019-9,2019,3,56.52
9/9/19,2019-9,2019,3,57.85
9/10/19,2019-9,2019,3,57.4
9/11/19,2019-9,2019,3,55.75
9/12/19,2019-9,2019,3,55.09
9/13/19,2019-9,2019,3,54.85
9/16/19,2019-9,2019,3,62.9
9/17/19,2019-9,2019,3,59.292
9/18/19,2019-9,2019,3,58.082
9/19/19,2019-9,2019,3,58.166
9/20/19,2019-9,2019,3,58.09
9/23/19,2019-9,2019,3,58.64
9/24/19,2019-9,2019,3,57.29
9/25/19,2019-9,2019,3,56.49
9/26/19,2019-9,2019,3,56.41
9/27/19,2019-9,2019,3,55.91
9/30/19,2019-9,2019,3,54.07
10/1/19,2019-10,2019,4,53.62
10/2/19,2019-10,2019,4,52.64
10/3/19,2019-10,2019,4,52.45
10/4/19,2019-10,2019,4,52.81
10/7/19,2019-10,2019,4,52.75
10/8/19,2019-10,2019,4,52.63
10/9/19,2019-10,2019,4,52.59
10/10/19,2019-10,2019,4,53.55
10/11/19,2019-10,2019,4,54.7
10/14/19,2019-10,2019,4,53.59
10/15/19,2019-10,2019,4,52.81
10/16/19,2019-10,2019,4,53.36
10/17/19,2019-10,2019,4,53.95
10/18/19,2019-10,2019,4,53.816
10/21/19,2019-10,2019,4,53.43
10/22/19,2019-10,2019,4,54.416
10/23/19,2019-10,2019,4,55.97
10/24/19,2019-10,2019,4,56.23
10/25/19,2019-10,2019,4,56.66
10/28/19,2019-10,2019,4,55.81
10/29/19,2019-10,2019,4,55.54
10/30/19,2019-10,2019,4,55.06
10/31/19,2019-10,2019,4,54.18
11/1/19,2019-11,2019,4,56.2
11/4/19,2019-11,2019,4,56.54
11/5/19,2019-11,2019,4,57.23
11/6/19,2019-11,2019,4,56.35
11/7/19,2019-11,2019,4,57.15
11/8/19,2019-11,2019,4,57.24
11/11/19,2019-11,2019,4,56.86
11/12/19,2019-11,2019,4,56.8
11/13/19,2019-11,2019,4,57.12
11/14/19,2019-11,2019,4,56.77
11/15/19,2019-11,2019,4,57.742
11/18/19,2019-11,2019,4,57.086
11/19/19,2019-11,2019,4,55.294
11/20/19,2019-11,2019,4,57.03
11/21/19,2019-11,2019,4,58.58
11/22/19,2019-11,2019,4,57.77
11/25/19,2019-11,2019,4,58.01